Tokyo	35.687	139.749	0	35676000
New York	40.722	-73.996	0	19040000
Mexico City	19.444	-99.133	0	19028000
Mumbai	19.068	72.876	0	18978000
São Paulo	-23.557	-46.627	0	18845000
Shanghai	31.218	121.435	0	14987000
Kolkata	22.570	88.369	0	14787000
Los Angeles	34.049	-118.232	0	12500000
Cairo	30.052	31.248	0	11893000
Rio de Janeiro	-22.907	-43.212	0	11748000
Beijing	39.902	116.394	0	11106000
Moscow	55.754	37.614	0	10452000
Istanbul	41.018	28.974	0	10061000
Paris	48.858	2.353	0	9904000
Lagos	6.445	3.390	0	9466000
Jakarta	-6.172	106.827	0	9125000
London	51.502	-0.119	0	8567000
Bogota	4.598	-74.085	0	7772000
Hong Kong	22.307	114.183	0	7206000
Santiago	-33.440	-70.651	0	5720000
Singapore	1.295	103.854	0	5183700
Sydney	-33.871	151.213	0	4630000
Riyadh	24.634	46.720	0	4465000
Washington,  D.C.	38.901	-77.011	0	4338000
Rome	41.898	12.481	0	3339000
Cape Town	-33.918	18.433	0	3215000
Nairobi	-1.281	36.815	0	3010000
Buenos Aires	-34.611	-58.433	1	12795000
Ōsaka	34.691	135.504	1	11294000
Manila	14.606	120.980	1	11100000
Seoul	37.568	126.998	1	9796000
Chicago	41.848	-87.635	1	8990000
Lima	-12.046	-77.052	1	8012000
Tehran	35.674	51.422	1	7873000
Kinshasa	-4.328	15.313	1	7843000
Taipei	25.036	121.568	1	6900273
Bengaluru	12.972	77.558	1	6787000
Bangkok	13.752	100.515	1	6704000
Miami	25.790	-80.226	1	5585000
Madrid	40.402	-3.685	1	5567000
Toronto	43.665	-79.389	1	5213000
Baghdad	33.341	44.392	1	5054000
Atlanta	33.739	-84.368	1	4506000
Houston	29.741	-95.348	1	4459000
Melbourne	-37.818	144.973	1	4170000
Chengdu	30.672	104.068	1	4123000
Monterrey	25.672	-100.332	1	3712000
Ürümqi	43.807	87.573	1	3575000
San Francisco	37.784	-122.400	1	3450000
Johannesburg	-26.168	28.028	1	3435000
Berlin	52.524	13.400	1	3406000
Kabul	34.519	69.181	1	3277000
Athens	37.985	23.731	1	3242000
Casablanca	33.602	-7.618	1	3181000
Addis Ababa	9.035	38.698	1	3100000
Caracas	10.503	-66.919	1	2985000
Kyiv	50.435	30.515	1	2709000
Dakar	14.718	-17.475	1	2604000
Vienna	48.202	16.365	1	2400000
Vancouver	49.275	-123.124	1	2313328
Denver	39.741	-104.986	1	2313000
Tashkent	41.304	69.269	1	2184000
Dubai	25.215	55.287	1	1379000
Auckland	-36.848	174.763	1	1377200
Stockholm	59.324	18.066	1	1264000
Geneva	46.210	6.140	1	1240000
Amsterdam	52.352	4.915	1	1031000
New Delhi	28.600	77.200	1	317797
Delhi	28.672	77.228	2	15926000
Dhaka	23.725	90.407	2	12797394
Karachi	24.872	66.988	2	12130000
Guangzhou	23.125	113.262	2	8829000
Shenzhen	22.548	114.061	2	7581000
Wuhan	30.582	114.268	2	7243000
Tianjin	39.083	117.197	2	7180000
Chennai	13.092	80.278	2	7163000
Lahore	31.562	74.348	2	6577000
Chongqing	29.567	106.593	2	6461000
Hyderabad	17.402	78.478	2	6376000
Philadelphia	39.946	-75.180	2	5492000
Ahmedabad	23.032	72.578	2	5375000
Ho Chi Minh City	10.762	106.703	2	5314000
Luanda	-8.836	13.232	2	5172900
Barcelona	41.385	2.181	2	4920000
Dallas	32.772	-96.795	2	4798000
Shenyeng	41.807	123.448	2	4787000
Khartoum	15.590	32.532	2	4754000
Pune	18.516	73.852	2	4672000
St.  Petersburg	59.941	30.314	2	4553000
Chattogram	22.332	91.798	2	4529000
Dongguan	23.022	113.750	2	4528000
Boston	42.332	-71.072	2	4467000
Hanoi	21.035	105.848	2	4378000
Guadalajara	20.672	-103.332	2	4198000
Alexandria	31.202	29.948	2	4165000
Detroit	42.334	-83.051	2	4101000
Yangon	16.785	96.165	2	4088000
Xian	34.277	108.893	2	4009000
Porto Alegre	-30.048	-51.202	2	3917000
Surat	21.202	72.838	2	3842000
Abidjan	5.323	-4.020	2	3802000
Brasília	-15.781	-47.918	2	3716996
Ankara	39.929	32.862	2	3716000
Nanjing	32.052	118.778	2	3679000
Montréal	45.502	-73.585	2	3678000
Guiyang	26.582	106.718	2	3662000
Recife	-8.061	-34.909	2	3651000
Harbin	45.752	126.648	2	3621000
Fortaleza	-3.748	-38.582	2	3602319
Phoenix	33.448	-112.067	2	3551000
Salvador	-12.968	-38.482	2	3484000
Algiers	36.765	3.049	2	3354000
Pyongyang	39.021	125.753	2	3300000
Medellín	6.277	-75.577	2	3297000
Changchun	43.867	125.338	2	3183000
Kanpur	26.462	80.318	2	3162000
Kano	12.002	8.518	2	3140000
Tel Aviv	32.082	34.768	2	3112000
Curitiba	-25.418	-49.322	2	3084000
Seattle	47.600	-122.315	2	3074000
Zibo	36.821	117.996	2	3061000
Jeddah	21.519	39.217	2	3012000
Hangzhou	30.252	120.168	2	3007000
Milan	45.472	9.203	2	2945000
Kunming	25.043	102.697	2	2931000
Dar es Salaam	-6.798	39.266	2	2930000
Jaipur	26.923	75.808	2	2917000
San Diego	32.719	-117.151	2	2916000
Taiyuan	37.877	112.543	2	2913000
Frankfurt	50.100	8.675	2	2895000
Surabaya	-7.247	112.749	2	2845000
Lisbon	38.725	-9.147	2	2812000
Jinan	36.677	116.993	2	2798000
Aleppo	36.232	37.168	2	2738000
Durban	-29.861	31.011	2	2729000
Zhengzhou	34.757	113.663	2	2636000
Minneapolis	44.982	-93.254	2	2616000
Fuzhou	26.082	119.298	2	2606000
Changsha	28.202	112.968	2	2604000
Lanzhou	36.058	103.790	2	2561000
Sapporo	43.077	141.338	2	2544000
Guayaquil	-2.218	-79.922	2	2514000
Mashhad	36.272	59.568	2	2469000
Damascus	33.502	36.298	2	2466000
Nagpur	21.172	79.088	2	2454000
Bandung	-6.948	107.568	2	2394000
Nanchang	28.682	115.878	2	2350000
Tampa	27.949	-82.461	2	2314000
Cali	3.402	-76.502	2	2254000
Naples	40.842	14.243	2	2250000
St. Louis	38.637	-90.242	2	2199000
Puebla	19.033	-98.204	2	2195000
Tripoli	32.892	13.180	2	2189000
Havana	23.134	-82.366	2	2174000
Nanning	22.822	108.318	2	2167000
Belém	-1.448	-48.482	2	2167000
Patna	25.627	85.128	2	2158000
Santo Domingo	18.471	-69.930	2	2154000
Accra	5.552	-0.219	2	2121000
Medan	3.582	98.648	2	2115000
Maracaibo	10.732	-71.662	2	2072000
Kuwait City	29.372	47.976	2	2063000
Hiroshima	34.390	132.441	2	2045000
Baotou	40.654	109.820	2	2036000
Goiânia	-16.718	-49.302	2	2022000
Sanaa	15.357	44.205	2	2008000
Bucharest	44.435	26.098	2	1942000
Hamburg	53.552	9.998	2	1757000
Brussels	50.835	4.331	2	1743000
Warsaw	52.231	21.005	2	1707000
Budapest	47.502	19.081	2	1679000
Perth	-31.953	115.838	2	1532000
Kuala Lumpur	3.140	101.689	2	1448000
Makkah	21.432	39.818	2	1385000
Munich	48.132	11.573	2	1275000
Prague	50.087	14.423	2	1162000
Helsinki	60.164	24.932	2	1115000
Zürich	47.382	8.548	2	1108000
København	55.681	12.562	2	1085000
Dublin	53.347	-6.257	2	1059000
Edmonton	53.552	-113.502	2	1058000
Monrovia	6.315	-10.800	2	1041000
Oslo	59.919	10.748	2	835000
Honolulu	21.303	-157.858	2	786000
New Orleans	29.969	-90.088	2	785000
Anchorage	61.214	-149.887	2	260283
Kaohsiung	22.633	120.267	3	2769072
San Juan	18.440	-66.130	3	2478905
Tunis	36.803	10.180	3	2412500
Baku	40.397	49.860	3	2122300
Santa Cruz	-17.752	-63.228	3	2102998
Port-au-Prince	18.543	-72.338	3	1998000
Cleveland	41.472	-81.697	3	1890000
Portland	45.522	-122.682	3	1875000
Asunción	-25.291	-57.626	3	1870000
Brisbane	-27.453	153.033	3	1860000
Beirut	33.874	35.508	3	1846000
Pittsburgh	40.432	-80.002	3	1838000
Las Vegas	36.165	-115.151	3	1823000
Minsk	53.902	27.565	3	1805000
Valencia	10.232	-67.982	3	1770000
Manaus	-3.098	-60.002	3	1753000
Palembang	-2.978	104.748	3	1749000
Bhopal	23.252	77.408	3	1727000
Rabat	34.025	-6.836	3	1705000
Quito	-0.213	-78.502	3	1701000
Antananarivo	-18.915	47.515	3	1697000
Coimbatore	11.002	76.948	3	1696000
San Jose	37.331	-121.888	3	1668000
Qiqihar	47.347	123.988	3	1641000
Cincinnati	39.164	-84.459	3	1636000
Isfahan	32.702	51.698	3	1628000
Yaoundé	3.869	11.515	3	1611000
Sacramento	38.577	-121.472	3	1604000
Shantou	23.372	116.668	3	1601000
La Paz	-16.496	-68.152	3	1590000
Abuja	9.055	7.490	3	1576000
Harare	-17.816	31.043	3	1572000
Tijuana	32.502	-117.082	3	1553000
Vishakhapatnam	17.683	83.220	3	1529000
Multan	30.202	71.453	3	1522000
Montevideo	-34.905	-56.187	3	1513000
Bamako	12.652	-8.002	3	1494000
Conakry	9.533	-13.682	3	1494000
San Antonio	29.420	-98.493	3	1473000
Phnom Penh	11.552	104.915	3	1466000
Hyderabad	25.382	68.373	3	1459000
Lomé	6.134	1.221	3	1452000
Córdoba	-31.398	-64.184	3	1452000
Huainan	32.632	116.978	3	1451000
Maputo	-25.953	32.587	3	1446000
San Salvador	13.703	-89.216	3	1433000
Lyon	45.772	4.828	3	1423000
Kampala	0.319	32.581	3	1420000
Davao	7.112	125.628	3	1402000
Semarang	-6.965	110.418	3	1396000
Novosibirsk	55.032	82.958	3	1389000
Milwaukee	43.030	-87.917	3	1388000
Brazzaville	-4.257	15.283	3	1355000
Lubumbashi	-11.678	27.478	3	1352000
Varanasi	25.332	82.998	3	1352000
Pretoria	-25.705	28.227	3	1338000
Lusaka	-15.415	28.281	3	1328000
Asansol	23.685	86.981	3	1328000
Yekaterinburg	56.852	60.598	3	1313000
Peshawar	34.007	71.533	3	1303000
Jamshedpur	22.789	86.196	3	1300000
Madurai	9.922	78.118	3	1294000
San José	9.930	-84.079	3	1284000
Panama City	8.970	-79.535	3	1281000
Nizhny Novgorod	56.335	43.998	3	1278000
Makassar	-5.138	119.430	3	1262000
Shiraz	29.632	52.568	3	1240000
Seville	37.405	-5.980	3	1212045
Amritsar	31.642	74.868	3	1212000
Almaty	43.327	76.913	3	1209000
Sofia	42.685	23.315	3	1185000
Banghazi	32.119	20.065	3	1180000
Raleigh	35.773	-78.647	3	1163515
Glasgow	55.862	-4.239	3	1160000
Ouagadougou	12.372	-1.527	3	1149000
Ottawa	45.419	-75.702	3	1145000
Adelaide	-34.933	138.598	3	1145000
Samara	53.197	50.149	3	1137000
Kazan	55.752	49.124	3	1115000
Calgary	51.085	-114.082	3	1110000
Yerevan	40.183	44.512	3	1102000
Mogadishu	2.069	45.365	3	1100000
Tbilisi	41.727	44.789	3	1100000
Huambo	-12.748	15.758	3	1100000
Belgrade	44.821	20.466	3	1099000
Bhilai	21.211	81.372	3	1097000
Dushanbe	38.560	68.774	3	1086244
Memphis	35.145	-90.029	3	1081000
Amman	31.952	35.931	3	1060000
Xining	36.622	101.768	3	1048000
Norfolk	36.850	-76.280	3	1047869
Jerusalem	31.778	35.207	3	1029300
Guatemala City	14.623	-90.529	3	1024000
Florianópolis	-27.578	-48.522	3	1023000
Port Elizabeth	-33.968	25.598	3	1021000
Ufa	54.792	56.038	3	1018000
Buffalo	42.882	-78.882	3	1016000
Fez	34.057	-5.002	3	1002000
Aden	12.780	45.009	3	1000000
Perm	58.002	56.248	3	997000
Yinchuan	38.470	106.271	3	991000
N'Djamena	12.115	15.047	3	989000
Guilin	25.282	110.278	3	987000
Volgograd	48.712	44.498	3	984000
Salt Lake City	40.777	-111.932	3	966000
Mérida	20.969	-89.619	3	965000
Pingxiang	27.622	113.848	3	961000
Kozhikode	11.252	75.768	3	953000
Tegucigalpa	14.104	-87.219	3	946000
Kingston	17.977	-76.767	3	937700
Naypyidaw	19.769	96.117	3	930000
Krasnoyarsk	56.016	92.864	3	925000
Managua	12.155	-86.270	3	920000
Niamey	13.519	2.115	3	915000
Tirana	41.328	19.819	3	895350
Kathmandu	27.719	85.315	3	895000
Mendoza	-32.881	-68.819	3	893000
Concepción	-36.830	-73.050	3	889725
Cartagena	10.402	-75.516	3	887000
Ulaanbaatar	47.919	106.915	3	885000
Mombasa	-4.038	39.688	3	882000
Omaha	41.240	-96.010	3	877110
Nashville	36.172	-86.782	3	877000
Marrakesh	31.632	-8.002	3	872000
Palermo	38.127	13.348	3	863000
Tampico	22.300	-97.870	3	859419
Padang	-0.958	100.358	3	855000
Valparaíso	-33.048	-71.617	3	854000
Bhubaneswar	20.272	85.825	3	844000
Bishkek	42.875	74.583	3	837000
Bangui	4.367	18.558	3	831925
Thessaloniki	40.698	22.883	3	828000
Freetown	8.472	-13.236	3	827000
Cebu	10.322	123.898	3	815000
Valencia	39.487	-0.402	3	808000
Oran	35.712	-0.622	3	798000
Chihuahua	28.647	-106.087	3	793000
Oklahoma City	35.472	-97.521	3	788000
Islamabad	33.689	73.081	3	780000
Campo Grande	-20.448	-54.619	3	778000
Trujillo	-8.120	-79.020	3	765171
Cotonou	6.363	2.404	3	762000
Vientiane	17.967	102.600	3	754000
Ciudad Guayana	8.370	-62.620	3	746535
Riga	56.950	24.100	3	742572
Nouakchott	18.086	-15.975	3	742144
Muscat	23.585	58.378	3	734697
Sokoto	13.060	5.240	3	732178
Ashgabat	37.950	58.383	3	727700
Zagreb	45.800	16.000	3	722526
Acapulco	16.850	-99.916	3	715584
Kandahar	31.610	65.695	3	715542
Samarkand	39.670	66.945	3	708000
Bulawayo	-20.170	28.580	3	699385
Sarajevo	43.850	18.383	3	696731
Enugu	6.450	7.500	3	688862
Chișinău	47.005	28.858	3	688134
Lilongwe	-13.983	33.783	3	646750
Kikwit	-5.030	18.850	3	637736
Winnipeg	49.883	-97.166	3	632063
Québec	46.840	-71.246	3	624177
Asmara	15.333	38.933	3	620802
Luxor	25.700	32.650	3	609248
Bandjarmasin	-3.330	114.580	3	603576
Abu Dhabi	24.467	54.367	3	603492
Barnaul	53.355	83.745	3	599579
Vladivostok	43.130	131.910	3	587022
Irkutsk	52.285	104.284	3	586695
Hami	42.827	93.515	3	580000
Veracruz	19.177	-96.160	3	578963
Libreville	0.385	9.458	3	578156
Mar del Plata	-38.000	-57.580	3	555897
Vilnius	54.683	25.317	3	542366
Cancún	21.170	-86.830	3	542043
Newcastle	-32.930	151.770	3	540796
Tomsk	56.495	84.975	3	535479
Beira	-19.820	34.870	3	530604
Kashgar	39.476	75.970	3	506640
Macapá	0.033	-51.050	3	499166
Port Sudan	19.616	37.216	3	489725
Feira de Santana	-12.250	-38.970	3	481911
Tuxtla Gutiérrez	16.750	-93.150	3	481128
Hargeisa	9.560	44.065	3	477876
Bloemfontein	-29.120	26.230	3	463064
Qaraghandy	49.885	73.115	3	451800
San Cristóbal	7.770	-72.250	3	438798
Nagasaki	32.765	129.885	3	435455
Kolwezi	-10.717	25.472	3	418000
Hotan	37.100	79.927	3	408894
Zanzibar	-6.160	39.200	3	403658
Bissau	11.865	-15.598	3	403339
Kassala	15.460	36.390	3	401477
Surgut	61.260	73.425	3	400000
Tallinn	59.434	24.728	3	394024
Wellington	-41.292	174.777	3	393400
Nyala	12.060	24.890	3	392373
Iloilo	10.705	122.545	3	387681
Des Moines	41.580	-93.620	3	380655
Sevastopol	44.604	33.524	3	379200
Valletta	35.900	14.515	3	368250
Mazatlán	23.221	-106.420	3	368204
Christchurch	-43.535	172.630	3	363200
Maseru	-29.317	27.483	3	361324
Cusco	-13.525	-71.972	3	361182
Halifax	44.650	-63.600	3	359111
Posadas	-27.358	-55.885	3	357119
Archangel	64.575	40.545	3	356051
Nur-Sultan	51.181	71.428	3	345604
Boise	43.609	-116.227	3	338071
Canberra	-35.283	149.129	3	327700
Maroua	10.596	14.325	3	319941
Murmansk	68.970	33.100	3	319263
Antofagasta	-23.650	-70.400	3	309832
Chita	52.055	113.465	3	308500
Bandar Seri Begawan	4.883	114.933	3	296500
Mbeya	-8.890	33.430	3	291649
Victoria	48.433	-123.350	3	289625
Port Moresby	-9.465	147.193	3	283733
Bahía Blanca	-38.740	-62.265	3	281536
Tacna	-18.000	-70.250	3	280098
Ica	-14.068	-75.725	3	279420
Windhoek	-22.570	17.084	3	268132
Georgetown	6.802	-58.167	3	264350
Paramaribo	5.835	-55.167	3	254169
Jackson	32.299	-90.185	3	250902
Bratsk	56.157	101.615	3	246348
Matadi	-5.817	13.450	3	245862
Yakutsk	62.035	129.735	3	235600
Boa Vista	2.816	-60.666	3	235150
Dili	-8.559	125.579	3	234331
Santarém	-2.433	-54.700	3	230428
Zinder	13.800	8.983	3	230358
Nassau	25.083	-77.350	3	227940
Iquique	-20.250	-70.130	3	227499
Sucre	-19.041	-65.260	3	224838
Nacala	-14.519	40.715	3	224795
Nicosia	35.167	33.367	3	224300
Lhasa	29.645	91.100	3	219599
Colombo	6.932	79.858	3	217000
Bergen	60.391	5.325	3	213585
Gaborone	-24.646	25.912	3	208411
Yamoussoukro	6.818	-5.276	3	206499
Saskatoon	52.170	-106.670	3	198958
Tarakan	3.300	117.633	3	193069
Petropavlovsk-Kamchatsky	53.062	158.623	3	187282
Regina	50.450	-104.617	3	176183
Suva	-18.133	178.442	3	175399
Puerto Montt	-41.470	-72.930	3	174629
Reykjavík	64.143	-21.937	3	166212
Marabá	-5.350	-49.116	3	166182
Bumba	2.190	22.460	3	160539
Valdivia	-39.822	-73.233	3	159599
Abéché	13.840	20.830	3	158317
Gondar	12.610	37.460	3	156230
Malabo	3.750	8.783	3	155963
Jiayuguan	39.820	98.300	3	148279
Trondheim	63.417	10.417	3	147139
Comodoro Rivadavia	-45.870	-67.500	3	140850
Townsville	-19.250	146.770	3	138954
Caxias	-4.833	-43.350	3	134640
St. John's	47.585	-52.681	3	131469
Wau	7.700	27.990	3	127384
Ghardaia	32.490	3.670	3	125480
Agadez	16.996	7.983	3	117770
Punta Arenas	-53.165	-70.940	3	117430
Port-Gentil	-0.720	8.780	3	116836
Praia	14.917	-23.517	3	113364
Malé	4.172	73.509	3	112927
Sabha	27.033	14.433	3	100249
Thunder Bay	48.446	-89.275	3	99334
Thimphu	27.473	89.639	3	98676
Magadan	59.575	150.810	3	95282
Darwin	-12.425	130.850	3	93080
Santa Fe	35.687	-105.937	3	92681
São Tomé	0.337	6.730	3	88219
Río Gallegos	-51.633	-69.217	3	85700
Hobart	-42.850	147.295	3	80870
Erdenet	49.053	104.118	3	79647
Honiara	-9.438	159.950	3	76328
Tamanrasset	22.785	5.523	3	76000
Riberalta	-10.983	-66.100	3	74014
Cheyenne	41.140	-104.820	3	72927
Timbuktu	16.767	-3.017	3	68872
Ji-Paraná	-10.833	-61.967	3	65016
Bismarck	46.808	-100.783	3	63871
Vilhena	-12.717	-60.117	3	63231
Apia	-13.836	-171.769	3	61916
Cayenne	4.933	-52.330	3	61550
Leticia	-4.201	-69.955	3	59575
Fairbanks	64.837	-147.711	3	56993
Cruzeiro do Sul	-7.630	-72.670	3	56862
Tromsø	69.635	18.992	3	52436
Hamilton	32.294	-64.784	3	52320
Atar	20.517	-13.050	3	44265
Port Vila	-17.733	168.317	3	44040
Nuku'alofa	-21.139	-175.221	3	42620
Charlottetown	46.249	-63.131	3	42402
Helena	46.593	-112.035	3	38725
Victoria	-4.617	55.450	3	33576
Djenné	13.900	-4.550	3	32944
Juneau	58.303	-134.401	3	30711
Alice Springs	-23.701	133.880	3	27710
Dongola	19.167	30.483	3	26404
Grootfontein	-19.567	18.117	3	24099
Whitehorse	60.717	-135.050	3	23276
Yellowknife	62.442	-114.397	3	19234
Belmopan	17.252	-88.767	3	15220
Nuuk	64.198	-51.733	3	14798
Prince Rupert	54.317	-130.330	3	14708
Pierre	44.368	-100.351	3	13879
Menongue	-14.667	17.700	3	13030
Obo	5.400	26.500	3	12887
N'Délé	8.409	20.653	3	11764
Anadyr	64.737	177.475	3	10332
Kodiak	57.790	-152.407	3	9461
Bethel	60.793	-161.756	3	6228
Mitú	1.198	-70.174	3	5917
Tiksi	71.627	128.835	3	5700
Utqiaġvik	71.291	-156.789	3	4336
Valdez	61.136	-146.348	3	4036
Palana	59.084	159.950	3	3671
Nome	64.506	-165.406	3	3485
Puerto Deseado	-47.750	-65.900	3	3305
Prudhoe Bay	70.292	-148.669	3	2500
Stanley	-51.700	-57.850	3	2213
Nain	56.547	-61.686	3	1151
Dikson	73.507	80.545	3	1113
Churchill	58.766	-94.166	3	1000
Naujaat	66.529	-86.283	3	1000
Arctic Bay	73.033	-85.167	3	604
Fort Good Hope	66.267	-128.633	3	597
Point Hope	68.348	-166.808	3	461
Nizhneyansk	71.433	136.067	3	400
Resolute	74.683	-94.900	3	250
Cold Bay	55.200	-162.715	3	200
Fort Severn	55.983	-87.650	3	125
Amaravati	16.534	80.524	4	5800000
Belo Horizonte	-19.913	-43.917	4	5575000
Busan	35.097	129.008	4	3480000
Nagoya	35.157	136.913	4	3230000
Dalian	38.925	121.628	4	3167000
Qingdao	36.092	120.328	4	2866000
Fukuoka	33.597	130.408	4	2792000
Campinas	-22.908	-47.056	4	2791000
Lucknow	26.857	80.913	4	2695000
Taichung	24.152	120.682	4	2629323
Ibadan	7.382	3.928	4	2628000
İzmir	38.438	27.150	4	2587000
Incheon	37.478	126.640	4	2550000
Xiamen	24.452	118.078	4	2519000
George Town	5.414	100.329	4	2500000
Jinxi	40.752	120.828	4	2426000
Shijiazhuang	38.052	114.478	4	2417000
Jilin	43.852	126.548	4	2396000
Omdurman	15.617	32.480	4	2395159
Wenzhou	28.022	120.648	4	2350000
Birmingham	52.477	-1.922	4	2285000
Baltimore	39.282	-76.615	4	2255000
Sendai	38.268	140.870	4	2250000
Manchester	53.475	-2.249	4	2230000
Nanchong	30.782	106.128	4	2174000
Zaozhuang	34.882	117.568	4	2145000
Yantai	37.532	121.398	4	2116000
Xuzhou	34.282	117.178	4	2091000
Linyi	35.082	118.328	4	2082000
Hefei	31.852	117.278	4	2035000
Indore	22.717	75.863	4	2026000
Haiphong	20.832	106.678	4	1969000
Suzhou	33.638	116.977	4	1964000
Nanyang	33.002	112.528	4	1944000
Ningbo	29.882	121.548	4	1923000
Douala	4.062	9.708	4	1906000
Kyoto	35.032	135.748	4	1805000
Barranquilla	10.962	-74.802	4	1798000
Vadodara	22.312	73.178	4	1756000
Wuxi	31.582	120.298	4	1749000
San Bernardino	34.122	-117.302	4	1745000
Hohhot	40.822	111.658	4	1726000
Daqing	46.582	124.998	4	1693000
Suzhou	31.302	120.618	4	1650000
Ludhiana	30.930	75.870	4	1649000
Anshan	41.117	122.938	4	1639000
Handan	36.582	114.478	4	1631000
Agra	27.172	78.013	4	1592000
Zhanjiang	21.202	110.378	4	1590000
Khulna	22.842	89.558	4	1553000
Santiago	19.500	-70.670	4	1550753
Kochi	10.017	76.222	4	1519000
Gujranwala	32.162	74.183	4	1513000
Florence	43.780	11.250	4	1500000
Bursa	40.202	29.068	4	1492000
León	21.152	-101.702	4	1488000
Nasik	20.002	73.778	4	1473000
Kansas City	39.109	-94.606	4	1469000
Daejeon	36.337	127.423	4	1468000
Neijiang	29.582	105.048	4	1466000
Quanzhou	24.902	118.578	4	1463000
Kharkiv	50.002	36.248	4	1461000
Doha	25.287	51.533	4	1450000
Kaduna	10.522	7.438	4	1442000
Ft.  Worth	32.740	-97.340	4	1440454
Gwangju	35.173	126.908	4	1440000
Indianapolis	39.752	-86.172	4	1436000
Tabriz	38.088	46.299	4	1413000
The Hague	52.080	4.270	4	1406000
Marseille	43.292	5.373	4	1400000
Meerut	29.002	77.698	4	1398000
Mianyang	31.465	104.690	4	1396000
Faridabad	28.435	77.315	4	1394000
Orlando	28.512	-81.382	4	1350000
Ghaziabad	28.662	77.406	4	1341000
Mosul	36.347	43.143	4	1316000
Mandalay	21.972	96.083	4	1300000
Mbuji-Mayi	-6.148	23.598	4	1295000
Adana	36.997	35.318	4	1293000
Jabalpur	23.177	79.953	4	1285000
Chifeng	42.272	118.948	4	1277000
Huaiyin	33.585	119.066	4	1264000
Rajkot	22.312	70.798	4	1260000
Dhanbad	23.802	86.418	4	1246000
Tianshui	34.602	105.918	4	1225000
Liupanshui	26.596	104.831	4	1221000
Vila Velha	-20.338	-40.290	4	1209091
Rosario	-32.949	-60.668	4	1203000
Allahabad	25.457	81.838	4	1201000
Benin City	6.342	5.618	4	1190000
Maceió	-9.618	-35.732	4	1186000
Austin	30.269	-97.745	4	1161000
Torreón	25.572	-103.422	4	1144000
Srinagar	34.069	74.828	4	1140000
Vijayawada	16.522	80.628	4	1137000
Omsk	54.992	73.398	4	1135000
Yulin	22.632	110.148	4	1127000
Aurangabad	19.862	75.329	4	1113000
Ankang	32.680	109.020	4	1100000
Chelyabinsk	55.157	61.437	4	1091000
Natal	-5.778	-35.242	4	1088000
Sholapur	17.672	75.898	4	1057000
Rostov	47.237	39.711	4	1052000
Dnipro	48.482	34.998	4	1050000
Ranchi	23.372	85.328	4	1044000
São Luís	-2.514	-44.268	4	1038000
Port Harcourt	4.812	7.008	4	1020000
Jiamusi	46.832	130.348	4	1020000
Bridgeport	41.182	-73.202	4	1018000
Hengyang	26.882	112.588	4	1016000
Medina	24.502	39.578	4	1010000
Da Nang	16.060	108.250	4	1000000
Baoshan	25.120	99.150	4	1000000
Ahvaz	31.282	48.718	4	996000
Jodhpur	26.294	73.015	4	995000
San Luis Potosí	22.172	-101.002	4	992000
Odessa	46.492	30.708	4	991000
Jacksonville	30.332	-81.672	4	988000
Donetsk	48.002	37.828	4	988000
Guwahati	26.162	91.768	4	983000
Chandigarh	30.722	76.778	4	979000
Gwalior	26.200	78.169	4	978000
Jixi	45.302	130.968	4	965000
Thiruvananthapuram	8.516	76.925	4	954000
Ogbomosho	8.132	4.238	4	951000
Tiruchirappalli	10.801	78.688	4	951000
General Santos	6.111	125.175	4	950530
Tulsa	36.120	-95.930	4	946962
Djibouti	11.595	43.148	4	923000
Konya	37.877	32.473	4	919000
Richmond	37.552	-77.452	4	912000
Teresina	-5.093	-42.782	4	907000
Naha	26.207	127.673	4	905238
Albuquerque	35.105	-106.641	4	898642
Maiduguri	11.852	13.158	4	896000
Hubballi	15.362	75.123	4	890000
Mysuru	12.312	76.658	4	887000
Mexicali	32.652	-115.482	4	885000
Tongliao	43.622	122.268	4	884000
Bilbao	43.250	-2.930	4	875552
Raipur	21.237	81.633	4	875000
Salem	11.672	78.178	4	873000
Basra	30.515	47.812	4	870000
Bandar Lampung	-5.428	105.268	4	865000
Kigali	-1.952	30.059	4	860000
Jullundur	31.337	75.567	4	855000
Shache	38.426	77.250	4	851374
Voronezh	51.665	39.187	4	844000
Saratov	51.582	46.028	4	843000
Warri	5.520	5.760	4	830106
Tucumán	-26.814	-65.219	4	830000
Kota	25.182	75.833	4	827000
Yueyang	29.382	113.098	4	826000
Tucson	32.207	-110.892	4	823000
Arequipa	-16.418	-71.532	4	815000
Rajshahi	24.377	88.603	4	810000
Culiacán	24.832	-107.382	4	809000
Cuiabá	-15.568	-56.087	4	806000
Aligarh	27.894	78.060	4	805000
Malang	-7.978	112.608	4	805000
Lviv	49.835	24.030	4	803880
Bordeaux	44.852	-0.597	4	803000
Jammu	32.714	74.845	4	791000
Moradabad	28.844	78.755	4	787000
Mangaluru	12.900	74.850	4	776632
Zamboanga	6.922	122.078	4	773000
Quetta	30.222	67.023	4	768000
Kananga	-5.888	22.398	4	765000
Kraków	50.062	19.958	4	756000
Rochester	43.172	-77.622	4	755000
El Paso	31.782	-106.512	4	753000
Taizz	13.606	44.037	4	751000
Kolhapur	16.700	74.220	4	750000
Gdańsk	54.360	18.640	4	740000
St.  Paul	44.944	-93.085	4	734854
Shaoguan	24.800	113.580	4	720266
Catania	37.500	15.080	4	674542
Najaf	32.000	44.335	4	665552
Syracuse	43.050	-76.150	4	662577
Pointe-Noire	-4.770	11.880	4	659084
Knoxville	35.970	-83.920	4	655400
Andijan	40.790	72.340	4	650000
Krasnodar	45.020	39.000	4	649851
Ulyanovsk	54.330	48.410	4	640680
Bur Said	31.260	32.290	4	623864
Nanded	19.197	77.308	4	623708
Dresden	51.050	13.750	4	617515
Fresno	36.748	-119.773	4	616353
Samsun	41.280	36.344	4	609339
Yaroslavl	57.620	39.870	4	606730
Constantine	36.360	6.600	4	605179
Kirkuk	35.472	44.392	4	601433
Hermosillo	29.099	-110.954	4	595811
Port Louis	-20.167	57.500	4	595491
Nagano	36.650	138.170	4	594311
Blantyre	-15.790	34.990	4	584877
Cuttack	20.470	85.890	4	580000
Khabarovsk	48.455	135.120	4	579000
Kisangani	0.520	25.220	4	578470
Quetzaltenango	14.830	-91.520	4	575263
Kuching	1.530	110.330	4	570407
Bouaké	7.690	-5.030	4	567481
Manama	26.236	50.583	4	563920
Uberlândia	-18.900	-48.280	4	563536
Sorocaba	-23.490	-47.470	4	563281
Santiago de Cuba	20.025	-75.821	4	555865
Surakarta	-7.565	110.825	4	555308
Ribeirão Preto	-21.170	-47.830	4	551267
Orenburg	51.780	55.110	4	550204
Tabuk	28.384	36.555	4	547957
Yining	43.900	81.350	4	542507
Novokuznetsk	53.750	87.115	4	539616
Matamoros	25.880	-97.500	4	538785
Oaxaca	17.083	-96.670	4	530728
Hamadan	34.796	48.515	4	528256
Gold Coast	-28.082	153.448	4	527660
Vancouver	45.630	-122.640	4	525802
Ryazan	54.620	39.720	4	520173
Tyumen	57.140	65.530	4	519119
Banda Aceh	5.550	95.320	4	513698
Salta	-24.783	-65.417	4	512686
Penza	53.180	45.000	4	512602
Suez	30.005	32.550	4	508335
Gaza City	31.530	34.445	4	505700
Annaba	36.920	7.760	4	503524
Akola	20.710	77.010	4	503502
Astrakhan	46.349	48.055	4	502533
Skopje	42.000	21.433	4	494087
Mwanza	-2.520	32.930	4	493944
Colorado Springs	38.863	-104.792	4	493654
Wuwei	37.928	102.641	4	493092
Santa Fe	-31.624	-60.690	4	489505
Saharanpur	29.970	77.550	4	484873
Kalaburagi	17.350	76.820	4	483615
Herat	34.330	62.170	4	481009
Yazd	31.920	54.370	4	477905
Kemerovo	55.340	86.090	4	477090
Shymkent	42.320	69.595	4	465392
Pristina	42.667	21.166	4	465186
Bandar-e-Abbas	27.204	56.272	4	461499
Iquitos	-3.750	-73.250	4	458729
Mazar-i-Sharif	36.700	67.100	4	458151
Kirov	58.590	49.670	4	457437
Belfast	54.594	-5.928	4	450406
Baguio	16.430	120.570	4	447824
San Juan	-31.550	-68.520	4	447048
Balikpapan	-1.250	116.830	4	445905
Bamenda	5.960	10.150	4	445299
Wuzhou	23.480	111.320	4	442315
Garoua	9.300	13.390	4	436899
Kaliningrad	54.700	20.497	4	434954
Laredo	27.506	-99.507	4	434768
Welkom	-27.970	26.730	4	431944
Bryansk	53.260	34.430	4	427236
Bratislava	48.150	17.117	4	423737
Baton Rouge	30.458	-91.140	4	422072
Asyut	27.190	31.180	4	420585
Magnitogorsk	53.423	58.980	4	413351
Huancayo	-12.080	-75.200	4	412733
Oujda	34.690	-1.910	4	409391
Kitwe	-12.810	28.220	4	404901
Tver	56.860	35.890	4	400212
Columbia	33.997	-81.031	4	398093
Chiang Mai	18.800	98.980	4	397211
Piura	-5.210	-80.630	4	396932
Al-Ubayyid	13.183	30.217	4	393311
Nampula	-15.136	39.293	4	388526
Misrata	32.380	15.100	4	386120
Pasto	1.214	-77.281	4	382236
Caxias do Sul	-29.180	-51.170	4	381270
Nizhny Tagil	57.920	59.975	4	381116
Xichang	27.880	102.300	4	379993
Vigo	42.220	-8.730	4	378952
Las Palmas	28.100	-15.430	4	378495
Manizales	5.060	-75.520	4	375848
Manukau	-37.000	174.885	4	375600
Gorontalo	0.550	123.070	4	365497
Larkana	27.562	68.207	4	364033
Stavropol	45.050	41.980	4	363064
Bhagalpur	25.230	86.980	4	361548
Ulan-Ude	51.825	107.625	4	360278
Bobo Dioulasso	11.180	-4.290	4	360106
Taraz	42.900	71.365	4	358153
Ambon	-3.717	128.200	4	355596
Safi	32.320	-9.240	4	353476
Eldoret	0.520	35.270	4	353381
Chimbote	-9.070	-78.570	4	349846
Nuevo Laredo	27.500	-99.550	4	349550
Spokane	47.670	-117.420	4	347705
Mérida	8.570	-71.183	4	345489
Arusha	-3.360	36.670	4	341136
Chitungwiza	-18.000	31.100	4	340360
East London	-32.970	27.870	4	338627
Kōchi	33.562	133.538	4	335570
Nakhon Ratchasima	15.000	102.100	4	334984
Montes Claros	-16.720	-43.860	4	332379
Bujumbura	-3.376	29.360	4	331700
Wonsan	39.160	127.431	4	329207
Pavlodar	52.300	76.950	4	329002
Reno	39.530	-119.820	4	328585
Sochi	43.590	39.730	4	327608
Sousse	35.830	10.625	4	327004
Iași	47.168	27.575	4	325914
Miyazaki	31.918	131.418	4	324384
Córdoba	37.880	-4.770	4	321376
Smolensk	54.783	32.047	4	320991
Ciudad del Este	-25.517	-54.616	4	320872
Pelotas	-31.750	-52.330	4	320674
Bukhara	39.780	64.430	4	319476
Oskemen	49.990	82.615	4	319067
El Faiyum	29.310	30.840	4	316772
Ljubljana	46.055	14.515	4	314807
Aswan	24.088	32.899	4	313442
Semey	50.435	80.275	4	311353
Pucallpa	-8.369	-74.535	4	310750
Vitória da Conquista	-14.850	-40.840	4	308204
Nalchik	43.498	43.618	4	307866
Porto Velho	-8.750	-63.900	4	306180
Constanța	44.203	28.610	4	303399
Hakodate	41.795	140.740	4	302984
Brest	52.100	23.700	4	300715
Qyzylorda	44.800	65.465	4	300000
Porto-Novo	6.483	2.617	4	300000
Port-of-Spain	10.652	-61.517	4	294934
Vologda	59.210	39.920	4	294889
Makurdi	7.730	8.530	4	292645
Ponta Grossa	-25.090	-50.160	4	292177
Sinuiju	40.086	124.421	4	288112
Cuenca	-2.900	-79.000	4	286878
Butembo	0.130	29.280	4	286403
Kupang	-10.179	123.583	4	282396
Zhytomyr	50.246	28.662	4	282192
Kaolack	14.150	-16.100	4	277812
Corpus Christi	27.743	-97.402	4	277454
Bern	46.917	7.467	4	275329
Mbandaka	0.040	18.260	4	274996
Venice	45.439	12.335	4	270816
Malmö	55.599	13.023	4	269349
Petrozavodsk	61.781	34.361	4	265025
Aqtobe	50.280	57.170	4	262457
Petrolina	-9.380	-40.510	4	260985
Tampere	61.500	23.750	4	259279
Rio Branco	-9.967	-67.800	4	257642
Dire Dawa	9.590	41.860	4	252279
Morogoro	-6.820	37.660	4	250902
Shreveport	32.500	-93.770	4	248053
Angarsk	52.560	103.920	4	243158
Berbera	10.436	45.016	4	242344
Le Havre	49.505	0.105	4	242124
Neuquén	-38.950	-68.060	4	242092
Ulan Hot	46.080	122.080	4	241894
Türkmenabat	39.110	63.580	4	234817
Niamey	13.492	7.096	4	232555
Hailar	49.200	119.700	4	231171
Zhangye	38.930	100.450	4	230728
Nukus	42.470	59.615	4	230006
Salem	44.928	-123.024	4	229010
Puducherry	11.935	79.830	4	227411
Grozny	43.319	45.699	4	226100
Colima	19.230	-103.720	4	223287
Formosa	-26.173	-58.183	4	221383
Blagoveshchensk	50.267	127.533	4	221296
Tallahassee	30.450	-84.280	4	221222
Dodoma	-6.183	35.750	4	218269
Laoag	18.199	120.594	4	207048
Bahir Dar	11.600	37.383	4	206748
Kalemie	-5.933	29.200	4	206257
Campeche	19.830	-90.500	4	205212
Pskov	57.830	28.330	4	201990
Kushiro	42.975	144.375	4	198566
Montgomery	32.362	-86.279	4	198325
Bridgetown	13.102	-59.617	4	191152
St.-Denis	-20.879	55.448	4	190047
La Paz	24.140	-110.320	4	189767
Kabwe	-14.440	28.450	4	188979
Quelimane	-17.880	36.890	4	188964
Parakou	9.340	2.620	4	188853
Laayoune	27.150	-13.200	4	188084
Ternate	0.793	127.363	4	187521
Arica	-18.500	-70.290	4	185999
Fianarantsoa	-21.433	47.083	4	184184
Atyrau	47.113	51.920	4	182753
Amarillo	35.230	-101.830	4	181766
Santa Barbara	34.411	-119.717	4	181632
Zuwara	32.934	12.079	4	180310
Savannah	32.021	-81.110	4	180187
Sittwe	20.140	92.880	4	179032
Mary	37.600	61.833	4	178708
Nogales	31.305	-110.945	4	178097
Yuzhno Sakhalinsk	46.965	142.740	4	176484
Bose	23.900	106.613	4	175282
George	-33.950	22.450	4	174582
Jayapura	-2.533	140.700	4	169341
Nzérékoré	7.760	-8.830	4	168121
Abakan	53.704	91.445	4	167289
Norilsk	69.340	88.225	4	165873
Livingstone	-17.860	25.860	4	165480
Geneina	13.450	22.440	4	162981
Fargo	46.877	-96.789	4	162842
Wilmington	34.226	-77.945	4	161560
Malakal	9.537	31.656	4	160765
Tarija	-21.517	-64.750	4	159269
Barreiras	-12.140	-45.000	4	158292
Surat Thani	9.150	99.340	4	157627
Olympia	47.038	-122.899	4	156984
Moundou	8.550	16.090	4	156705
Yulin	38.283	109.733	4	155960
Sioux Falls	43.550	-96.730	4	155724
Bei'an	48.246	126.529	4	154936
Battambang	13.100	103.200	4	154773
Mahajanga	-15.670	46.345	4	154657
La Serena	-29.900	-71.250	4	154521
Cairns	-16.888	145.763	4	154225
Mufulira	-12.550	28.260	4	153624
Benguela	-12.578	13.407	4	151226
Gejiu	23.380	103.150	4	149105
Hamilton	-37.778	175.290	4	148200
Gulu	2.780	32.280	4	146858
Podgorica	42.466	19.266	4	145850
Los Angeles	-37.480	-72.347	4	145239
Goma	-1.679	29.222	4	144124
Altay	47.867	88.117	4	142000
Dunhuang	40.143	94.662	4	140094
Shizuishan	39.233	106.769	4	136570
Moçâmedes	-15.190	12.160	4	132900
Topeka	39.050	-95.670	4	132091
Papeete	-17.533	-149.567	4	131695
Lae	-6.733	146.990	4	131052
Tete	-16.170	33.580	4	129316
Copiapó	-27.372	-70.330	4	129280
Xai-Xai	-25.040	33.640	4	128805
Ekibastuz	51.730	75.320	4	127868
Worcester	-33.640	19.440	4	127597
Malanje	-9.540	16.340	4	125856
Lubango	-14.910	13.490	4	125632
Rudniy	52.953	63.130	4	124000
Charleston	38.350	-81.633	4	123799
Ségou	13.440	-6.260	4	122952
Bandundu	-3.310	17.380	4	118211
Dunedin	-45.885	170.491	4	117700
Gao	16.267	-0.050	4	116967
Tahoua	14.900	5.260	4	115956
Sri Jayawardenepura Kotte	6.900	79.950	4	115826
Toliara	-23.357	43.690	4	115319
Kankan	10.390	-9.310	4	114009
Juba	4.830	31.580	4	111975
Kandy	7.280	80.670	4	111701
Santa Rosa	-36.620	-64.300	4	111424
Pemba	-12.983	40.532	4	110643
Mzuzu	-11.460	34.020	4	110201
David	8.433	-82.433	4	110037
Siem Reap	13.367	103.850	4	109398
Kyzyl	51.707	94.383	4	108240
Golmud	36.417	94.883	4	107092
Raba	-8.450	118.767	4	106101
Assab	13.010	42.730	4	105496
Billings	45.788	-108.540	4	104552
Guaymas	27.930	-110.890	4	103449
Houma	35.620	111.210	4	102400
Sakata	38.920	139.850	4	100446
Ust-Ilimsk	57.990	102.633	4	100271
Corumbá	-19.016	-57.650	4	96520
Mekele	13.500	39.470	4	95856
Bariloche	-41.150	-71.300	4	95394
Burlington	44.476	-73.212	4	93807
Mbabane	-26.317	31.133	4	90138
Francistown	-21.170	27.500	4	89979
Ebolowa	2.900	11.150	4	87875
Parepare	-4.017	119.633	4	87776
Nouadhibou	20.900	-17.056	4	86738
Limón	10.000	-83.033	4	85001
Trinidad	-14.833	-64.900	4	84259
Sault Ste. Marie	46.495	-84.345	4	83805
Antsiranana	-12.277	49.312	4	82937
Bendigo	-36.760	144.280	4	81657
Atakpamé	7.530	1.120	4	80683
Vorkuta	67.500	64.010	4	80039
Xigaze	29.250	88.883	4	80000
Kayes	14.450	-11.440	4	77207
Sundsvall	62.400	17.317	4	73389
Mandurah	-32.523	115.747	4	73356
Missoula	46.872	-113.993	4	72856
Upington	-28.460	21.230	4	71373
Türkmenbaşy	40.023	52.970	4	68292
Putrajaya	2.933	101.695	4	67964
Great Falls	47.500	-111.300	4	66558
Rockhampton	-23.364	150.520	4	65850
Flagstaff	35.198	-111.651	4	63993
Kristiansand	58.146	7.975	4	63814
Kasongo	-4.450	26.660	4	63000
Kayes	-4.180	13.280	4	62521
Tanjung Pandan	-2.750	107.650	4	62374
Bambari	5.762	20.667	4	62098
Ponta Delgada	37.748	-25.667	4	61526
Casper	42.847	-106.323	4	60791
Mt.  Hagen	-5.863	144.217	4	59064
Napier	-39.490	176.926	4	57800
Vaasa	63.100	21.600	4	57014
Puerto Ayacucho	5.664	-67.624	4	52526
Hilo	19.706	-155.082	4	52391
Walvis Bay	-22.958	14.505	4	52058
Mahalapye	-23.100	26.820	4	50744
North Bay	46.300	-79.450	4	50170
Kingstown	13.156	-61.220	4	49485
Luleå	65.597	22.158	4	48638
Serowe	-22.390	26.710	4	48573
Meru	0.060	37.640	4	47226
Coihaique	-45.570	-72.070	4	45787
Banjul	13.454	-16.592	4	43094
Franceville	-1.633	13.583	4	42967
Eureka	40.793	-124.150	4	42398
Alta Floresta	-9.900	-55.910	4	40466
Mirny	62.540	113.961	4	40308
Goroka	-6.083	145.385	4	39699
Minot	48.232	-101.296	4	39439
Orange	-33.280	149.100	4	39329
Castries	14.008	-60.993	4	37963
Sydney	46.066	-60.180	4	37538
Kalgoorlie	-30.735	121.460	4	36852
Saint John's	17.118	-61.850	4	35499
Timmins	48.467	-81.333	4	34974
Rovaniemi	66.500	25.716	4	34781
Durazno	-33.410	-56.510	4	34037
Saint George's	12.053	-61.742	4	33734
Choibalsan	48.067	114.506	4	33376
Mount Isa	-20.724	139.490	4	33200
Dubbo	-32.260	148.597	4	31574
Leh	34.162	77.572	4	30870
Dund-Us	48.017	91.633	4	30500
Blenheim	-41.514	173.955	4	30300
Cottica	3.850	-54.233	4	29210
Brandon	49.833	-99.950	4	28418
Geraldton	-28.767	114.600	4	27258
Colíder	-10.817	-55.451	4	27139
Okha	53.574	142.948	4	26560
Albany	-35.017	117.892	4	26445
Rawson	-43.300	-65.100	4	26335
Lensk	60.725	114.947	4	25589
Freeport	26.533	-78.700	4	25383
Aldan	58.603	125.389	4	24426
Al Jawf	24.200	23.290	4	24132
Augusta	44.311	-69.780	4	24042
Roseau	15.301	-61.387	4	23336
Armidale	-30.512	151.667	4	22673
Whyalla	-33.025	137.561	4	22559
Basseterre	17.302	-62.717	4	21887
Fort McMurray	56.733	-111.383	4	21863
Kaédi	16.150	-13.500	4	21656
Devonport	-41.193	146.331	4	19317
Elko	40.833	-115.762	4	19252
Fort St. John	56.250	-120.833	4	18776
Middelburg	-31.500	25.010	4	18164
Broken Hill	-31.950	141.433	4	17395
Karratha	-20.730	116.870	4	16796
Dispur	26.144	91.767	4	16140
Griffith	-34.290	146.040	4	15455
International Falls	48.601	-93.411	4	15240
Lüderitz	-26.648	15.159	4	15137
Dalandzadgad	43.584	104.440	4	15093
Port Hedland	-20.310	118.606	4	14288
Wangaratta	-36.360	146.300	4	14022
Thompson	55.750	-97.867	4	13727
Port Lincoln	-34.733	135.867	4	13630
Broome	-17.962	122.231	4	13218
Pago Pago	-14.277	-170.707	4	12576
Portland	-38.340	141.590	4	11808
Santa Cruz	-0.533	-90.350	4	11262
Springbok	-29.667	17.883	4	10438
Labrador City	52.941	-66.916	4	10313
Alvorada	-12.470	-49.082	4	10232
Busselton	-33.656	115.349	4	10214
Katherine	-14.467	132.267	4	10141
Hammerfest	70.661	23.688	4	10000
Ust-Nera	64.567	143.200	4	9148
Sitka	57.060	-135.328	4	8931
Dalnegorsk	44.537	135.517	4	8123
Rabaul	-4.205	152.143	4	8074
El Calafate	-50.333	-72.300	4	8000
Iqaluit	63.750	-68.500	4	6124
Okhotsk	59.383	143.217	4	5570
Peace River	56.233	-117.283	4	5340
Sisimiut	66.950	-53.667	4	5227
Batagay	67.656	134.635	4	4266
Bukachacha	52.983	116.917	4	3372
Ugolnye Kopi	64.733	177.700	4	3367
Zhigansk	66.770	123.371	4	3237
Khatanga	72.041	102.465	4	3205
Chokurdakh	70.618	147.895	4	2506
Arviat	61.109	-94.059	4	1868
Igloolik	69.257	-81.794	4	1612
Cambridge Bay	69.117	-105.033	4	1477
Ayoun el Atrous	16.667	-9.617	4	1423
Dawson City	64.067	-139.417	4	1319
Kugluktuk	67.799	-115.125	4	1302
Kuujjuaq	58.100	-68.400	4	1273
Kuujjuarapik	55.281	-77.766	4	1243
Upernavik	72.709	-56.142	4	1129
Taloyoak	69.533	-93.533	4	774
Qaanaaq	77.467	-69.230	4	616
Fort Smith	60.000	-111.883	4	518
Tmassa	26.367	15.800	4	500
Chesterfield Inlet	63.338	-90.700	4	374
Windorah	-25.433	142.650	4	158
Narsarsuaq	61.167	-45.417	4	145
Dulan	36.167	98.267	4	100
Ambarchik	69.651	162.334	4	0
New Taipei	25.013	121.465	5	3893740
Magong	23.567	119.583	5	56435
Yokohama	35.431	139.602	6	3697894
Benoni	-26.148	28.328	6	2986000
Stuttgart	48.780	9.200	6	2944700
Giza	30.010	31.190	6	2681863
Faisalabad	31.412	73.108	6	2617000
Daegu	35.869	128.605	6	2460000
Haikou	20.050	110.320	6	2046189
Long Beach	33.777	-118.200	6	2036134
Tangshan	39.626	118.192	6	1879000
Tainan	23.000	120.200	6	1876312
Datong	40.082	113.298	6	1873000
Saidu	34.750	72.350	6	1860310
Rawalpindi	33.591	73.068	6	1858000
Shangqiu	34.413	115.650	6	1753000
Luoyang	34.644	112.444	6	1715000
Santos	-23.962	-46.328	6	1709000
Jianmen	30.652	113.158	6	1708000
Vitória	-20.332	-40.354	6	1704000
Luan	31.752	116.478	6	1690000
Wanzhou	30.820	108.400	6	1680000
Turin	45.072	7.668	6	1652000
Kumasi	6.692	-1.632	6	1646000
Taian	36.202	117.118	6	1629000
Xiantao	30.372	113.438	6	1556000
Weifang	36.702	119.156	6	1553000
Xinyang	32.132	114.068	6	1541000
Luzhou	28.882	105.378	6	1537000
Leeds	53.790	-1.551	6	1529000
Kōbe	34.680	135.170	6	1528478
Oakland	37.805	-122.278	6	1510271
Ganzhou	25.920	114.950	6	1500000
Liuzhou	24.321	109.414	6	1497000
Virginia Beach	36.855	-75.980	6	1491000
Fushun	41.867	123.868	6	1470000
Changde	29.032	111.678	6	1469000
Suining	30.535	105.531	6	1425000
Yiyang	28.602	112.328	6	1352000
Ciudad Juárez	31.692	-106.492	6	1343000
Heze	35.232	115.448	6	1338000
Porto	41.152	-8.622	6	1337000
Changzhou	31.782	119.968	6	1327000
Providence	41.823	-71.417	6	1277000
Columbus	39.982	-82.992	6	1270000
West Palm Beach	26.745	-80.124	6	1250000
Mudangiang	44.577	129.588	6	1244000
Huzhou	30.872	120.098	6	1231000
Vila Velha	3.217	-51.217	6	1209091
Warangal	18.010	79.580	6	1203853
Jining	35.402	116.548	6	1186000
Leshan	29.569	103.731	6	1157000
Birmingham	33.530	-86.825	6	1128047
Nampo	38.769	125.450	6	1127000
Xianyang	34.348	108.713	6	1126000
Cagayan de Oro	8.451	124.685	6	1121561
Can Tho	10.050	105.770	6	1121000
Barquisimeto	10.052	-69.302	6	1116000
Jinhua	29.120	119.650	6	1092852
Zhuzhou	27.832	113.148	6	1080000
Suwon	37.260	127.009	6	1078000
Vereeniging	-26.648	27.958	6	1074000
Xiangyang	32.022	112.128	6	1069000
Ulsan	35.549	129.315	6	1061000
Zhangjiakou	40.805	114.852	6	1046000
Lille	50.652	3.078	6	1044000
Gaziantep	37.077	37.383	6	1044000
Zhuhai	22.279	113.566	6	1023000
Benxi	41.332	123.748	6	1012000
Bucaramanga	7.132	-73.128	6	1009000
Maracay	10.249	-67.598	6	1007000
Rotterdam	51.922	4.478	6	1005000
Homs	34.732	36.718	6	1005000
Cologne	50.932	6.948	6	1004000
Qinhuangdao	39.932	119.618	6	1003000
Yongzhou	26.418	111.609	6	1000000
Cochabamba	-17.410	-66.170	6	1000000
Charlotte	35.207	-80.832	6	995000
Jiaxing	30.772	120.748	6	988000
Joinville	-26.318	-48.842	6	988000
Yichun	27.835	114.398	6	982000
Natal	-6.984	-60.270	6	980588
Qom	34.652	50.948	6	973000
Querétaro	20.578	-100.387	6	961000
Kelang	3.043	101.447	6	956000
Jinzhou	41.122	121.098	6	956000
João Pessoa	-7.099	-34.878	6	956000
Hue	16.470	107.580	6	950000
Bacolod	10.632	122.982	6	949354
Louisville	38.227	-85.751	6	948000
Nantong	31.982	120.925	6	947000
Foshan	23.010	113.114	6	943000
Nice	43.717	7.263	6	927000
Irbil	36.181	44.007	6	926000
Antwerpen	51.222	4.413	6	920000
Bogor	-6.568	106.748	6	918000
Hartford	41.772	-72.682	6	913000
Huaibei	33.952	116.748	6	913000
Xinyu	27.802	114.928	6	913000
Xinxiang	35.302	113.909	6	903000
Yibin	28.772	104.568	6	902000
Bengbu	32.952	117.328	6	894000
Zaria	11.082	7.708	6	889000
Anyang	36.082	114.348	6	887000
Newcastle	54.990	-1.612	6	882000
Callao	-12.070	-77.135	6	876877
Johor Bahru	1.482	103.728	6	875000
Yichang	30.702	111.278	6	875000
Kaifeng	34.794	114.355	6	872000
Albany	42.654	-73.758	6	870716
Dandong	40.146	124.392	6	870000
Aguascalientes	21.881	-102.292	6	869000
Xuanzhou	30.954	118.753	6	866000
Cardiff	51.483	-3.168	6	861400
Jiaozuo	35.201	113.260	6	857000
Zhenjiang	32.176	119.430	6	854000
Anshun	26.252	105.928	6	849000
Zunyi	27.702	106.918	6	849000
Pingdingshan	33.732	113.298	6	849000
Toulouse	43.622	1.448	6	847000
Yuci	37.682	112.728	6	840000
Yancheng	33.338	120.168	6	839000
Cuernavaca	18.921	-99.240	6	834001
Linfen	36.082	111.518	6	834000
Kermanshah	34.382	47.058	6	828313
Agadir	30.440	-9.620	6	825467
Jos	9.930	8.890	6	816824
Xingyi	25.092	104.888	6	816000
Liverpool	53.405	-2.962	6	811000
Wuhu	31.352	118.368	6	810000
Langfang	39.522	116.678	6	810000
Zhaotang	27.322	103.718	6	809000
Lingyuan	41.242	119.399	6	806000
Qui Nhon	13.780	109.180	6	805290
St. Petersburg	27.771	-82.679	6	800313
Baoji	34.380	107.150	6	800000
Pekanbaru	0.567	101.423	6	799000
Yingkow	40.672	122.278	6	795000
Bhiwandi	19.352	73.128	6	795000
Liaoyang	41.282	123.178	6	794000
Malacca	2.206	102.246	6	788706
Zaporizhzhya	47.859	35.175	6	788000
Antalya	36.892	30.698	6	783000
Al Hudaydah	14.800	42.951	6	780000
Shaoxing	30.002	120.568	6	777000
Yichun	47.702	128.898	6	777000
Dayton	39.752	-84.202	6	773000
Hamhung	39.912	127.543	6	773000
Ilorin	8.492	4.548	6	771000
Fuyang	30.055	119.950	6	771000
Fuxin	42.012	121.658	6	770000
Trabzon	40.980	39.720	6	764714
Łódź	51.768	19.458	6	758000
Saltillo	25.422	-101.007	6	754000
Pietermaritzburg	-29.610	30.390	6	750845
Tangier	35.776	-5.806	6	750060
Hsinchu	24.817	120.977	6	750000
Fargona	40.390	71.780	6	750000
Namangan	41.000	71.670	6	750000
Hegang	47.347	130.297	6	743307
Naga	13.619	123.181	6	741635
Nürnberg	49.450	11.080	6	737304
Amravati	20.926	77.782	6	734451
Denpasar	-8.650	115.220	6	732344
Bremen	53.080	8.800	6	724909
Cúcuta	7.920	-72.520	6	722146
Hamilton	43.250	-79.830	6	721053
Tacoma	47.241	-122.447	6	719868
Aksu	41.150	80.250	6	695000
Huangshi	30.220	115.100	6	688090
Aracaju	-10.900	-37.120	6	685356
San Pedro Sula	15.500	-88.030	6	680091
Nellore	14.440	79.990	6	678004
Gorakhpur	26.750	83.380	6	674246
Ipoh	4.600	101.065	6	673318
Chongjin	41.785	129.790	6	672614
Biên Hòa	10.970	106.830	6	652646
Zaragoza	41.650	-0.890	6	649404
Genoa	44.410	8.930	6	647497
Shihezi	44.300	86.030	6	640000
Hofuf	25.349	49.586	6	637389
Yogyakarta	-7.780	110.375	6	636660
Izhevsk	56.850	53.230	6	631038
Korla	41.730	86.150	6	613000
Palu	-0.907	119.833	6	612445
Belagavi	15.865	74.505	6	608756
Pontianak	-0.030	109.320	6	607311
Zahedan	29.500	60.830	6	598887
Chiclayo	-6.763	-79.837	6	596792
Chandrapur	19.970	79.300	6	595118
Rasht	37.300	49.630	6	594590
Vinh	18.700	105.680	6	593645
Kayseri	38.735	35.490	6	592840
Samarinda	-0.500	117.150	6	592228
Sarasota	27.336	-82.531	6	589959
Anqing	30.500	117.050	6	580497
Kerman	30.300	57.080	6	577514
Niigata	37.920	139.040	6	569797
Macau	22.189	113.544	6	568700
Weihai	37.500	122.100	6	560255
Siping	43.170	124.330	6	555609
Kagoshima	31.586	130.561	6	555352
Makhachkala	42.980	47.500	6	554981
Bahawalpur	29.390	71.675	6	552607
Kanazawa	36.560	136.640	6	551249
Jiujiang	29.730	115.980	6	545616
Göteborg	57.709	11.979	6	537797
Matsuyama	33.846	132.766	6	533541
Guntur	16.330	80.450	6	530577
Ṭarābulus	34.438	35.832	6	530000
Harrisburg	40.274	-76.885	6	528892
Kota Kinabalu	5.980	116.110	6	527671
Londrina	-23.300	-51.180	6	520238
Bello	6.330	-75.570	6	519670
Lipetsk	52.620	39.640	6	515655
Eskişehir	39.795	30.530	6	514869
Liaoyuan	42.900	125.130	6	506548
Kota Baharu	6.120	102.230	6	505583
Edinburgh	55.948	-3.219	6	504966
Davangere	14.470	75.920	6	503564
Thái Nguyên	21.600	105.830	6	500000
El Minya	28.090	30.750	6	500000
Tula	54.200	37.630	6	489486
Mariupol	47.096	37.556	6	481626
Homyel	52.430	31.000	6	480951
Dhule	20.900	74.770	6	479073
Nazret	8.550	39.270	6	476892
Kuqa	41.728	82.936	6	470600
Juiz de Fora	-21.770	-43.375	6	470193
Toledo	41.640	-83.553	6	469924
Udaipur	24.600	73.730	6	469737
Qazvin	36.270	50.000	6	464551
Panzhihua	26.550	101.730	6	461513
Durango	24.031	-104.670	6	457140
Jambi	-1.590	103.610	6	457090
Sfax	34.750	10.720	6	453050
Manado	1.480	124.850	6	451893
Qitaihe	45.768	131.009	6	450617
Şanlıurfa	37.170	38.795	6	449549
Cheboksary	56.130	47.250	6	446781
Ballari	15.150	76.915	6	445388
Bakersfield	35.370	-119.020	6	443129
Strasbourg	48.580	7.750	6	439972
Khujand	40.290	69.620	6	437684
Guangyuan	32.430	105.870	6	437435
Bukavu	-2.510	28.840	6	436779
Tuticorin	8.798	78.132	6	436094
Pohang	36.021	129.372	6	435266
Likasi	-10.970	26.780	6	434408
San Luis	-33.300	-66.350	6	432310
Santa Marta	11.247	-74.202	6	431781
Villahermosa	18.000	-92.900	6	428564
Bengkulu	-3.800	102.270	6	426673
Kurnool	15.830	78.030	6	424920
Batangas	13.782	121.022	6	424508
Gaya	24.800	85.000	6	423692
Arak	25.280	3.750	6	423251
Ibagué	4.439	-75.232	6	421685
Ivanovo	57.010	41.010	6	420839
Sukkur	27.714	68.849	6	417767
Campina Grande	-7.230	-35.880	6	417261
Ardabil	38.250	48.300	6	414603
Charleston	32.792	-79.992	6	411940
Nha Trang	12.250	109.170	6	411556
Maturín	9.750	-63.170	6	410972
Kursk	51.740	36.190	6	409431
Murcia	37.980	-1.130	6	406807
Wichita	37.676	-97.328	6	401843
Tumakuru	13.330	77.100	6	399606
Ndola	-13.000	28.650	6	396339
Yuxi	24.380	102.570	6	396325
Kisumu	-0.090	34.750	6	395615
Sandakan	5.843	118.108	6	392288
Ahmednagar	19.082	74.746	6	391760
Greensboro	36.070	-79.800	6	388887
Granada‎	37.165	-3.585	6	388290
Campos	-21.750	-41.320	6	387417
Resistencia	-27.460	-58.990	6	387158
Baicheng	45.620	122.820	6	386861
Palma	39.574	2.654	6	375773
Villavicencio	4.153	-73.635	6	374763
Latur	18.400	76.570	6	374394
La Coruña	43.330	-8.420	6	370610
Abadan	30.331	48.280	6	370180
Trenton	40.217	-74.743	6	366513
Kuantan	3.830	103.320	6	366229
Nakuru	-0.280	36.070	6	364727
Sanya	18.259	109.504	6	362689
Provo	40.249	-111.638	6	356712
Asahikawa	43.755	142.380	6	356612
Mirpur Khas	25.532	69.012	6	356435
Santiago del Estero	-27.783	-64.267	6	354692
Hualien	23.984	121.600	6	350468
Camagüey	21.381	-77.917	6	347562
Belgorod	50.630	36.600	6	345289
Kosti	13.170	32.660	6	345068
Kurgan	55.460	65.345	6	343129
Vitsyebsk	55.189	30.185	6	342700
Pematangsiantar	2.961	99.061	6	341200
Ciudad Bolívar	8.100	-63.600	6	338000
Santa Cruz de Tenerife	28.470	-16.250	6	336061
Bauru	-22.330	-49.080	6	335024
Orel	52.970	36.070	6	334552
Medani	14.400	33.520	6	332714
Madison	43.073	-89.401	6	327447
Brahmapur	19.320	84.800	6	324726
Birjand	32.880	59.220	6	324703
Valladolid	41.650	-4.750	6	322304
Legazpi	13.170	123.750	6	320081
Akita	39.710	140.090	6	320069
Windsor	42.315	-83.037	6	319246
Holguín	20.887	-76.263	6	319102
Vladimir	56.130	40.410	6	318648
Hat Yai	6.996	100.471	6	317954
Cumaná	10.450	-64.180	6	317603
Cluj-Napoca	46.788	23.598	6	316748
Angeles	15.145	120.545	6	314493
Youngstown	41.100	-80.650	6	311990
Antsirabe	-19.850	47.033	6	307921
Tawau	4.271	117.896	6	306462
San Salvador de Jujuy	-24.183	-65.300	6	305891
Franca	-20.530	-47.390	6	305041
Kom Ombo	24.470	32.950	6	303962
Barddhaman	23.250	87.865	6	301725
Tambov	52.730	41.430	6	301482
Jember	-8.173	113.687	6	298585
Aomori	40.825	140.710	6	298394
Morioka	39.720	141.130	6	295172
Sumy	50.924	34.781	6	294456
Fukushima	37.740	140.470	6	294237
Kakinada	16.967	82.238	6	292923
Minna	9.620	6.550	6	291905
Sekondi	4.943	-1.704	6	286248
Rangpur	25.750	89.280	6	285564
Bago	17.320	96.515	6	284318
Cádiz	36.525	-6.286	6	283157
Tongchuan	35.080	109.030	6	282258
Jining	41.030	113.080	6	281716
Cap-Haïtien	19.759	-72.213	6	281487
Batna	35.570	6.170	6	280798
Lansing	42.734	-84.547	6	279952
Cotabato	7.217	124.248	6	279519
Kostroma	57.770	40.940	6	277656
Komsomolsk na Amure	50.555	137.020	6	275908
Prokopyevsk	53.900	86.710	6	275615
Montería	8.758	-75.890	6	275198
Ciudad Victoria	23.720	-99.130	6	274900
Sétif	36.180	5.400	6	274744
Pamplona	42.820	-1.650	6	274545
Ubon Ratchathani	15.250	104.830	6	273893
Crato	-7.464	-63.040	6	273883
Guantánamo	20.145	-75.206	6	272801
Tasikmalaya	-7.325	108.215	6	271143
Vijayapura	16.835	75.710	6	271064
Little Rock	34.736	-92.331	6	270893
Thohoyandou	-22.950	30.480	6	269707
Tshikapa	-6.410	20.770	6	267462
Sterlitamak	53.630	55.960	6	267231
Myeik	12.454	98.611	6	266720
Temuco	-38.730	-72.580	6	265901
Imphal	24.800	93.950	6	264986
Lexington	38.050	-84.500	6	264578
Tubruq	32.080	23.960	6	263527
Kindu	-2.964	25.910	6	262914
Augusta	33.461	-81.985	6	262332
Karamay	45.590	84.860	6	261445
Wollongong	-34.415	150.890	6	260914
Uberaba	-19.780	-47.950	6	260843
Adapazarı	40.800	30.415	6	260109
Popayán	2.420	-76.610	6	258750
Canton	40.799	-81.379	6	258660
Al Mukalla	14.541	49.126	6	258132
Chattanooga	35.070	-85.250	6	257589
Chimoio	-19.120	33.470	6	256936
Ensenada	31.870	-116.620	6	256565
Daloa	6.890	-6.450	6	255168
Cirebon	-6.733	108.567	6	254298
Mobile	30.680	-88.050	6	253466
El Fasher	13.630	25.350	6	252609
Khon Kaen	16.420	102.830	6	251056
Governador Valadares	-18.870	-41.970	6	250878
Santa Clara	22.400	-79.967	6	250512
Laiyang	36.968	120.708	6	250000
Jaffna	9.675	80.005	6	250000
Mutare	-18.970	32.650	6	249365
Santa Maria	-29.683	-53.800	6	249219
Los Mochis	25.790	-109.000	6	249047
Orsk	51.210	58.627	6	246836
Oruro	-17.980	-67.130	6	246501
Lincoln	40.820	-96.680	6	246220
Juliaca	-15.500	-70.140	6	245675
Eugene	44.050	-123.100	6	245158
Nizhenvartovsk	60.935	76.580	6	244937
Nam Định	20.420	106.200	6	243186
Caruaru	-8.280	-35.980	6	242094
Novorossiysk	44.730	37.770	6	241856
Hachinohe	40.510	141.540	6	239046
Seeb	23.680	58.183	6	237816
Århus	56.157	10.211	6	237551
Taiping	4.865	100.720	6	237095
Oostanay	53.221	63.628	6	236901
Monclova	26.900	-101.420	6	236244
Palmas	-10.238	-48.288	6	235315
Kismaayo	-0.357	42.518	6	234852
Punto Fijo	11.720	-70.210	6	234736
Porbandar	21.670	69.670	6	234684
Pensacola	30.421	-87.217	6	234384
Zabol	31.021	61.481	6	233968
Rancagua	-34.170	-70.740	6	233268
Nakhon Si Thammarat	8.400	99.970	6	232335
Syktyvkar	61.660	50.820	6	230910
Ilhéus	-14.780	-39.050	6	230622
Noginsk	64.483	91.233	6	229731
Petropavlovsk	54.880	69.220	6	228238
Monywa	22.105	95.150	6	226222
Sabzewar	36.220	57.630	6	226183
Lancaster	34.698	-118.136	6	225799
Juazeiro do Norte	-7.210	-39.320	6	225230
Tanga	-5.070	39.090	6	224876
Tapachula	14.900	-92.270	6	221521
Saint-Louis	16.020	-16.510	6	220792
Polokwane	-23.890	29.450	6	220045
Baghlan	36.139	68.699	6	218748
Velikiy Novgorod	58.500	31.330	6	218717
Wuhai	39.665	106.812	6	218427
Imperatriz	-5.520	-47.490	6	218106
Sibolga	1.750	98.800	6	217312
Daytona Beach	29.211	-81.023	6	216890
Portoviejo	-1.060	-80.460	6	213601
Lubbock	33.580	-101.880	6	213300
Machala	-3.260	-79.960	6	213034
Huntsville	34.720	-86.610	6	212733
Springfield	37.180	-93.320	6	210939
Abha	18.230	42.500	6	210886
Toamasina	-18.182	49.405	6	210226
Oral	51.271	51.335	6	209788
Rennes	48.100	-1.670	6	209375
Lobito	-12.370	13.541	6	207932
Funchal	32.650	-16.880	6	204767
Criciúma	-28.680	-49.390	6	204217
Colón	9.365	-79.875	6	204000
Salalah	17.025	54.085	6	203877
Sibu	2.303	111.843	6	203832
Mossoró	-5.190	-37.340	6	202583
Biskra	34.860	5.730	6	202103
Daşoguz	41.840	59.965	6	201424
Gedaref	14.040	35.380	6	201282
Dindigul	10.360	77.978	6	200797
Balakovo	52.030	47.800	6	199572
Green Bay	44.530	-88.000	6	198611
Martapura	-3.414	114.836	6	198239
Gemena	3.260	19.770	6	198056
Thanh Hóa	19.820	105.800	6	197551
Talca	-35.430	-71.666	6	197479
Burgas	42.515	27.475	6	195966
Coro	11.420	-69.680	6	195227
Severodvinsk	64.570	39.830	6	194292
Ziguinchor	12.590	-16.290	6	191716
Zlatoust	55.175	59.650	6	191366
Gainesville	29.651	-82.325	6	191097
Đồng Hới	17.483	106.600	6	189265
Mwene-Ditu	-7.000	23.440	6	189177
Cork	51.893	-8.465	6	188907
Catamarca	-28.470	-65.780	6	188812
Ft. Myers	26.640	-81.860	6	188606
Arapiraca	-9.750	-36.670	6	187668
Kimchaek	40.672	129.203	6	187270
Gibraltar	36.128	-5.346	6	187083
Pinar del Rio	22.418	-83.698	6	186990
Jamaame	0.072	42.751	6	185270
Dese	11.130	39.630	6	183802
Gweru	-19.450	29.820	6	183358
Manta	-0.980	-80.730	6	183166
Brownsville	25.920	-97.500	6	181399
Passo Fundo	-28.250	-52.420	6	179529
Klerksdorp	-26.880	26.620	6	178921
Boma	-5.830	13.050	6	178638
Korhogo	9.460	-5.640	6	177711
Termiz	37.233	67.273	6	177687
Kadugli	11.010	29.700	6	176931
Ouargla	31.970	5.340	6	176271
Turku	60.454	22.255	6	175945
Taitung	22.755	121.140	6	175000
Harar	9.320	42.150	6	174994
Hirosaki	40.570	140.470	6	174972
Bo	7.970	-11.740	6	174354
Evansville	37.975	-87.556	6	174102
Stavanger	58.970	5.680	6	173132
Bata	1.870	9.770	6	173046
Riobamba	-1.670	-78.650	6	172464
Peoria	40.689	-89.579	6	172308
Nova Friburgo	-22.260	-42.540	6	171991
Djelfa	34.680	3.250	6	170901
Cedar Rapids	41.970	-91.660	6	170621
Temirtau	50.065	72.965	6	170600
Uvira	-3.370	29.140	6	170391
Araçatuba	-21.210	-50.450	6	170024
Sarh	9.150	18.390	6	169196
Bandar-e Bushehr	28.920	50.830	6	169060
Atbarah	17.710	33.980	6	168612
Berezniki	59.420	56.760	6	167748
Volgodonsk	47.510	42.160	6	167731
Waco	31.549	-97.146	6	167347
Dibrugarh	27.483	94.900	6	166366
Ayacucho	-13.175	-74.220	6	166314
Rustenburg	-25.650	27.240	6	165976
Kendari	-3.955	122.597	6	165377
Kimberley	-28.747	24.770	6	165264
León	12.436	-86.879	6	164441
Patra	38.230	21.730	6	163360
La Rioja	-29.410	-66.850	6	162620
Dourados	-22.230	-54.810	6	162202
Rubtsovsk	51.520	81.210	6	161065
Bhisho	-32.870	27.390	6	160997
Geelong	-38.167	144.396	6	160991
Xapeco	-27.100	-52.640	6	160157
Nakhodka	42.837	132.887	6	159551
Lafayette	30.200	-92.020	6	158214
Huánuco	-9.920	-76.240	6	158145
Sudbury	46.500	-80.967	6	157857
Hurghada	27.230	33.830	6	157204
Isiro	2.760	27.620	6	157196
Puerto Princesa	9.754	118.744	6	157144
Kashmar	35.181	58.451	6	157135
Ussuriysk	43.800	132.020	6	157068
Salinas	36.682	-121.642	6	156784
Dali	25.594	100.250	6	156685
Muroran	42.350	140.980	6	155676
Batumi	41.600	41.630	6	155542
Chetumal	18.500	-88.300	6	154517
Osorno	-40.579	-73.131	6	154131
Río Cuarto	-33.130	-64.350	6	153757
Limoges	45.830	1.250	6	152199
Luanshya	-13.133	28.400	6	151993
Suhar	24.362	56.734	6	151349
Chillán	-36.607	-72.111	6	150396
Urgentch	41.560	60.640	6	150110
Vryheid	-27.760	30.790	6	150012
Santa Cruz	36.972	-122.026	6	148444
Turbat	25.992	63.072	6	147791
Cam Ranh	11.902	109.221	6	146771
Tabora	-5.020	32.800	6	146495
Hanzhong	33.130	107.030	6	145986
La Ceiba	15.763	-86.797	6	145926
Krishnanagar	23.380	88.530	6	145926
Ajdabiya	30.770	20.220	6	143833
Béchar	31.611	-2.230	6	143382
Calama	-22.450	-68.920	6	143084
Play Ku	13.983	108.000	6	142900
Cajamarca	-7.150	-78.530	6	142665
Phuket	7.877	98.382	6	141618
Melilla	35.300	-2.950	6	141308
Labé	11.320	-12.300	6	140575
Lhokseumawe	5.191	97.141	6	140322
Myitkyina	25.360	97.393	6	139100
Parnaíba	-2.910	-41.770	6	138008
Umtata	-31.580	28.790	6	137772
Cerro de Pasco	-10.690	-76.270	6	137232
Iraklio	35.325	25.130	6	137154
Oulu	65.000	25.470	6	136752
Portland	43.672	-70.246	6	135866
Jequié	-13.850	-40.080	6	135574
Pyay	18.816	95.211	6	135308
Springfield	39.788	-89.637	6	134715
Touggourt	33.100	6.060	6	133954
Pervouralsk	56.910	59.955	6	133600
Uppsala	59.860	17.640	6	133117
Sennar	13.550	33.600	6	130122
Baydhabo	3.120	43.650	6	129839
Kokshetau	53.300	69.420	6	128873
Kamina	-8.730	25.010	6	128803
Moroni	-11.704	43.240	6	128698
Jima	7.680	36.830	6	128306
Surt	31.210	16.590	6	128123
Darnah	32.765	22.639	6	127974
Songea	-10.680	35.650	6	126449
Loja	-3.990	-79.210	6	126368
Macheng	31.180	115.030	6	126366
Montego Bay	18.467	-77.917	6	126008
Magway	20.145	94.920	6	125973
Pangkalpinang	-2.080	106.150	6	125933
Sorong	-0.855	131.285	6	125535
Kelowna	49.900	-119.483	6	125109
Monterey	36.600	-121.894	6	124288
Alagoinhas	-12.140	-38.430	6	124070
San Fernando de Apure	7.900	-67.470	6	122701
Agana	13.470	144.750	6	122411
Tauranga	-37.696	176.154	6	121500
Saginaw	43.419	-83.951	6	121379
Xilinhot	43.944	116.044	6	120965
Sassari	40.730	8.570	6	120729
Trois-Rivières	46.350	-72.550	6	119693
Anuradhapura	8.350	80.383	6	118302
Ourense	42.330	-7.870	6	118107
Setúbal	38.530	-8.900	6	117974
Achinsk	56.270	90.500	6	117634
Vyborg	60.704	28.755	6	117201
Kindia	10.060	-12.870	6	117062
Boké	10.940	-14.300	6	116270
Inhambane	-23.858	35.340	6	115776
Goulimine	28.980	-10.070	6	115267
Tuguegarao	17.613	121.727	6	115105
Delicias	28.200	-105.500	6	114783
Kuito	-12.380	16.940	6	114286
Abilene	32.449	-99.733	6	114247
Laghouat	33.810	2.880	6	113872
Tobolsk	58.200	68.265	6	113800
Curicó	-34.980	-71.240	6	113711
Tyler	32.351	-95.301	6	112245
Nakhon Sawan	15.700	100.070	6	111915
Daugavpils	55.880	26.510	6	111564
Manzanillo	19.050	-104.323	6	110735
Noyabrsk	63.167	75.617	6	110572
Garanhuns	-8.890	-36.500	6	110085
Lichinga	-13.300	35.240	6	109839
Heihe	50.250	127.446	6	109427
Tumbes	-3.570	-80.460	6	109223
San Rafael	-34.600	-68.333	6	109163
Medford	42.327	-122.874	6	108525
Mopti	14.490	-4.180	6	108456
Nehe	48.490	124.880	6	108253
Luxembourg	49.612	6.130	6	107260
Elista	46.329	44.209	6	106971
Bagé	-31.320	-54.100	6	106098
Odessa	31.846	-102.367	6	106054
Salto	-31.390	-57.969	6	105690
Sadah	16.940	43.850	6	105542
Jizan	16.907	42.557	6	105198
Linhares	-19.390	-40.050	6	105075
Mmabatho	-25.830	25.610	6	104428
Zhezqazghan	47.780	67.770	6	104357
Tandil	-37.320	-59.150	6	104325
Albury	-36.060	146.920	6	104258
Grand Junction	39.094	-108.550	6	104214
Kroonstad	-27.660	27.210	6	103992
Ad-Damir	17.590	33.960	6	103941
Lynchburg	37.414	-79.142	6	103893
Velikiye Luki	56.320	30.520	6	103149
Roxas	11.585	122.751	6	102688
Ukhta	63.560	53.690	6	102187
Bontang	0.133	117.500	6	101691
Kansk	56.190	95.710	6	101502
Wichita Falls	33.914	-98.493	6	101212
Teófilo Otoni	-17.870	-41.500	6	101170
Tartu	58.384	26.710	6	101092
Chamdo	31.141	97.181	6	100000
Arlit	18.736	7.389	6	100000
Tumen	42.970	129.820	6	99721
Galle	6.030	80.240	6	99478
Yakima	46.602	-120.505	6	99287
Bam	29.108	58.362	6	99268
Talara	-4.580	-81.280	6	99074
Lahti	60.994	25.665	6	98826
St. George	37.104	-113.583	6	98638
Serov	59.615	60.585	6	98438
Turkistan	43.302	68.255	6	97360
Linköping	58.410	15.630	6	96732
Yola	9.210	12.480	6	96006
Chico	39.729	-121.836	6	95888
Juazeiro	-9.420	-40.500	6	95132
Novy Urengoy	66.083	76.633	6	94212
Malindi	-3.210	40.100	6	94016
Manzhouli	49.600	117.430	6	93620
Nouméa	-22.263	166.444	6	93060
Toowoomba	-27.565	151.956	6	92800
Yuma	32.685	-114.624	6	92489
Itaituba	-4.259	-55.925	6	92308
Moncton	46.083	-64.767	6	90635
Limerick	52.665	-8.623	6	90054
Jönköping	57.771	14.165	6	89780
Ad Dakhla	23.714	-15.937	6	89292
Chaman	30.925	66.446	6	88568
Taldyqorghan	45.000	78.400	6	88380
Charlottesville	38.029	-78.477	6	87925
Nenjiang	49.180	125.230	6	87236
Huaraz	-9.530	-77.530	6	86934
Tumaco	1.810	-78.810	6	86713
Olavarría	-36.900	-60.330	6	86320
Usolye Sibirskoye	52.765	103.645	6	85900
Liepaga	56.510	21.010	6	85132
Savannakhet	16.538	104.773	6	84898
Duluth	46.783	-92.106	6	84800
Palmerston North	-40.353	175.607	6	82400
Sukhumi	43.020	41.020	6	81546
Balqash	46.853	74.950	6	81364
Pisco	-13.710	-76.220	6	81207
Zomba	-15.390	35.310	6	80932
Necochea	-38.560	-58.750	6	80478
Yalta	44.499	34.159	6	79509
Abaetetuba	-1.725	-48.885	6	79420
Idaho Falls	43.467	-112.033	6	79399
Kadoma	-18.330	29.910	6	79174
Paysandú	-32.330	-58.080	6	79016
Gualeguaychú	-33.020	-58.520	6	78676
Ceuta	35.889	-5.307	6	78674
Umeå	63.830	20.240	6	78197
Ovalle	-30.609	-71.199	6	77138
La Rochelle	46.167	-1.150	6	76997
Oudtshoorn	-33.580	22.190	6	76708
Alexandria	31.311	-92.445	6	76565
Tucuruí	-3.767	-49.674	6	76337
Birobidzhan	48.797	132.951	6	76146
Mackay	-21.144	149.150	6	75922
Bend	44.054	-121.309	6	75441
Wausau	44.959	-89.630	6	75422
Gode	5.950	43.450	6	75000
Freeport	28.959	-95.357	6	74892
Red Deer	52.267	-113.800	6	74857
Darkhan	49.462	105.973	6	74738
Manokwari	-0.871	134.069	6	74504
San Ramón de la Nueva Orán	-23.140	-64.320	6	74059
Cozumel	20.510	-86.950	6	73934
Kiffa	16.620	-11.400	6	73930
Farah	32.392	62.097	6	73647
Rapid City	44.081	-103.231	6	73632
Skien	59.200	9.600	6	73330
Tokar	18.433	37.733	6	73202
San Juan	18.809	-71.231	6	72950
Launceston	-41.450	147.130	6	72458
Bacabal	-4.230	-44.800	6	72372
Goya	-29.140	-59.270	6	72304
Nizwa	22.926	57.531	6	72076
Kalamata	37.039	22.114	6	71823
Sur	22.576	59.535	6	71152
Debre Markos	10.340	37.720	6	70758
Karakol	42.492	78.382	6	70171
Lisala	2.140	21.510	6	70087
Arba Minch	6.040	37.550	6	69622
Guajara-Miram	-10.800	-65.350	6	69586
Arecibo	18.440	-66.730	6	69307
Kamloops	50.667	-120.333	6	68714
Galveston	29.301	-94.797	6	68612
Saldanha	-33.010	17.930	6	68284
Balsas	-7.520	-46.050	6	68056
Calbayog	12.067	124.604	6	67921
Khanty Mansiysk	61.002	69.002	6	67800
Kasese	0.171	30.081	6	67269
Puerto Maldonado	-12.600	-69.183	6	67155
Neryungri	56.674	124.710	6	66320
Hastings	-39.638	176.837	6	66100
Lesosibirsk	58.243	92.483	6	65945
Lahat	-3.800	103.533	6	65906
Sodo	6.900	37.750	6	65737
Prince George	53.917	-122.767	6	65558
Parintins	-2.610	-56.740	6	64428
Victoria	28.805	-97.003	6	64209
Mazabuka	-15.860	27.760	6	64006
Pocatello	42.871	-112.445	6	63998
Irecê	-11.300	-41.870	6	63626
Svobodnyy	51.406	128.131	6	63620
Molepolole	-24.400	25.510	6	63248
Medicine Hat	50.033	-110.683	6	63138
Beledweyne	4.740	45.200	6	62945
Graaff Reinet	-32.300	24.540	6	62896
Balboa	8.950	-79.567	6	62882
Wenatchee	47.424	-120.309	6	62625
Madang	-5.225	145.785	6	62023
Bamian	34.813	67.823	6	61863
Berbérati	4.250	15.780	6	61815
Gaalkacyo	6.770	47.430	6	61200
Nelson	-41.293	173.247	6	60800
Zima	53.933	102.033	6	60239
Pirapora	-17.330	-44.930	6	60164
Uíge	-7.620	15.050	6	60008
Ithaca	42.441	-76.497	6	59930
Kotlas	61.263	46.663	6	59879
Gorno Altaysk	51.961	85.958	6	59868
Viedma	-40.813	-62.998	6	59122
Concepción	-23.406	-57.434	6	59118
Grand Forks	47.925	-97.032	6	58566
Rundu	-17.920	19.750	6	58172
Ushuaia	-54.790	-68.310	6	58028
Angoche	-16.230	39.910	6	57835
Picos	-7.080	-41.440	6	57495
Cheremkhovo	53.159	103.074	6	57395
Carson City	39.164	-119.766	6	57341
Bragança	-1.050	-46.770	6	57163
Mafetang	-29.817	27.250	6	57059
Adrar	27.870	-0.290	6	56910
Puerto Barrios	15.717	-88.593	6	56605
Rotorua	-38.132	176.248	6	56200
Paita	-5.090	-81.120	6	56151
Nova Viçosa	-17.880	-39.370	6	55980
Arqalyq	50.242	66.898	6	55521
Jefferson City	38.577	-92.173	6	55139
Marzuq	25.904	13.897	6	55071
Prescott	34.590	-112.448	6	55038
Moquegua	-17.190	-70.940	6	54517
Krasnokamensk	50.066	118.026	6	54316
Mocambique	-15.040	40.682	6	54315
Andorra	42.511	1.527	6	53998
Ruteng	-8.612	120.470	6	53976
Chicoutimi	48.433	-71.067	6	53940
Ilo	-17.640	-71.340	6	53476
Joensuu	62.600	29.767	6	53388
Coari	-4.080	-63.130	6	53305
Bundaberg	-24.879	152.351	6	52472
Fredericton	45.950	-66.633	6	52337
Whangarei	-35.726	174.323	6	52200
Tayshet	55.928	97.988	6	52184
Nyagan	62.147	65.381	6	52137
Itacoatiara	-3.140	-58.440	6	51509
Tefé	-3.360	-64.700	6	51437
Tulun	54.565	100.565	6	51330
Biloxi	30.396	-88.885	6	50644
Araguaína	-7.190	-48.210	6	50444
Bangor	44.801	-68.778	6	50213
El Kharga	25.440	30.550	6	49991
Tacheng	46.750	82.950	6	49796
Dosso	13.050	3.200	6	49750
Vryburg	-26.960	24.730	6	49588
Myrtle Beach	33.689	-78.887	6	49357
Lewiston	46.417	-117.017	6	49289
I-n-Salah	27.217	2.467	6	49223
Invercargill	-46.409	168.365	6	49200
Songkhla	7.210	100.560	6	48616
Port Macquarie	-31.445	152.919	6	48547
Vigan	17.575	120.387	6	48545
Buchanan	5.916	-10.052	6	48315
Smara	26.733	-11.683	6	48149
Mildura	-34.185	142.151	6	47867
Kafue	-15.780	28.180	6	47554
Antalaha	-14.883	50.283	6	47224
Rosso	16.524	-15.813	6	47203
Breves	-1.680	-50.490	6	47164
Progreso	21.283	-89.667	6	47124
Brunswick	31.150	-81.492	6	47085
Boosaaso	11.280	49.180	6	46969
New Amsterdam	6.250	-57.530	6	46874
Kokkola	63.833	23.117	6	46714
Aweil	8.767	27.400	6	46705
Nadym	65.530	72.515	6	46339
Östersund	63.183	14.650	6	46178
Pechora	65.159	57.209	6	46113
Manono	-7.300	27.450	6	46111
Ayakoz	47.965	80.430	6	45861
Buta	2.820	24.740	6	45677
Shaoyang	27.000	111.200	6	45617
Birak	27.533	14.283	6	45421
Usinsk	65.923	57.403	6	45000
Laranjal do Jari	-0.850	-52.480	6	45000
Vallenar	-28.570	-70.760	6	44895
Linden	5.990	-58.270	6	44690
Concord	43.208	-71.538	6	44606
Akhtubinsk	48.279	46.169	6	44551
Cobija	-11.021	-68.769	6	44437
Huancavelica	-12.790	-74.990	6	44388
Bluefields	12.000	-83.765	6	44373
Aracati	-4.560	-37.770	6	44293
Pärnu	58.375	24.514	6	44192
Nabire	-3.352	135.513	6	43898
Oyem	1.617	11.583	6	43423
Nizhneudinsk	54.898	99.028	6	43326
Al Wajh	26.232	36.464	6	43237
Whanganui	-39.933	175.039	6	43200
Bilwi	14.033	-83.383	6	43001
Klamath Falls	42.225	-121.781	6	42978
Tehuantepec	16.330	-95.230	6	42776
Cabo San Lucas	22.893	-109.905	6	42601
Kotabumi	-4.833	104.900	6	42366
Mansa	-11.200	28.890	6	42277
Lindi	-10.000	39.700	6	41912
Lesozavodsk	45.475	133.430	6	41778
Grand Prairie	55.167	-118.800	6	41462
Villarrica	-25.750	-56.433	6	41157
Birsk	55.424	55.544	6	41014
Pyu	18.478	96.438	6	40386
Yambio	4.571	28.416	6	40382
Haugesund	59.412	5.277	6	40321
Inongo	-1.940	18.280	6	40113
Tômbua	-15.800	11.860	6	40000
Pacasmayo	-7.401	-79.571	6	39282
Caloundra	-26.800	153.133	6	38706
Tamworth	-31.103	150.917	6	38551
Kandalaksha	67.164	32.414	6	38126
Maroantsetra	-15.433	49.733	6	38046
Salekhard	66.535	66.610	6	38025
Tynda	55.174	124.708	6	37335
Qulsary	46.983	54.017	6	37103
Morondava	-20.283	44.283	6	36803
Frankfort	38.201	-84.873	6	36688
San José de Mayo	-34.350	-56.710	6	36529
Monaco	43.740	7.407	6	36371
Baykonur	45.691	63.241	6	36175
Alamogordo	32.899	-105.960	6	36058
Atbasar	51.822	68.348	6	35819
Ulaangom	49.983	92.067	6	35796
Xique-Xique	-10.820	-42.730	6	35433
Korsakov	46.642	142.777	6	35091
Januária	-15.480	-44.370	6	34811
Prince Albert	53.200	-105.750	6	34609
Merauke	-8.493	140.402	6	34412
Bouar	5.950	15.600	6	34372
Goba	7.010	39.970	6	34369
Kondopoga	62.209	34.289	6	34360
Gisborne	-38.663	178.018	6	34300
Butte	46.004	-112.534	6	34190
Bodø	67.276	14.429	6	34073
Hwange	-18.370	26.500	6	33989
Sumbe	-11.210	13.850	6	33277
Velikiy Ustyug	60.769	46.299	6	33237
Aral	46.800	61.667	6	33017
Reggane	26.700	0.167	6	32974
Courtenay	49.683	-125.000	6	32793
Altai	46.362	96.256	6	32488
Beyneu	45.183	55.100	6	32452
De Aar	-30.650	24.000	6	32318
Moose Jaw	50.400	-105.550	6	32166
Rumbek	6.800	29.683	6	32083
Kalispell	48.198	-114.316	6	32062
El Goléa	30.567	2.883	6	32049
Arxan	47.183	119.967	6	32023
Coos Bay	43.367	-124.217	6	31976
Jacareacanga	-6.228	-57.760	6	31661
Balyqshy	47.067	51.867	6	31624
Lismore	-28.817	153.293	6	31430
Rio Grande	-53.791	-67.699	6	31095
Gladstone	-23.853	151.247	6	30489
Am Timan	11.033	20.283	6	30443
Borzya	50.389	116.519	6	30421
Ometepec	16.680	-98.420	6	30271
Douglas	31.359	-109.548	6	30185
Khorugh	37.488	71.548	6	30000
Warrnambool	-38.380	142.470	6	29928
Sovetskaya Gavan	48.970	140.275	6	29740
Jaguarão	-32.560	-53.370	6	29613
Swakopmund	-22.669	14.535	6	29491
Key West	24.555	-81.783	6	29377
Bria	6.533	21.983	6	29027
Tarawa	1.338	173.018	6	28802
Mpika	-11.830	31.460	6	28445
Icó	-6.400	-38.850	6	28323
Ouésso	1.610	16.050	6	28320
Arvaikheer	46.250	102.767	6	28053
Ancud	-41.870	-73.830	6	28020
Camiri	-20.050	-63.520	6	27961
Kolpashevo	58.311	82.907	6	27876
Örnsköldsvik	63.318	18.717	6	27749
Mörön	49.645	100.154	6	27690
Mananjary	-21.217	48.333	6	27686
Óbidos	-1.910	-55.520	6	27587
Shalqar	47.836	59.614	6	27256
Timaru	-44.397	171.242	6	27200
Nikolayevsk na Amure	53.150	140.730	6	27152
Puerto Armuelles	8.280	-82.870	6	27147
Conceição do Araguaia	-8.250	-49.290	6	27115
Zeya	53.750	127.267	6	26999
Tara	56.898	74.378	6	26986
Aripuanã	-10.177	-59.444	6	26983
Laramie	41.311	-105.591	6	26934
Rocha	-34.483	-54.333	6	26874
Bor	6.207	31.559	6	26782
Canavieiras	-15.640	-38.960	6	26375
Velsk	61.067	42.097	6	26300
Bayankhongor	46.300	100.983	6	26252
Sena Madureira	-9.070	-68.670	6	26192
Krasnoarmeysk	51.017	45.697	6	25841
Severobaykalsk	55.634	109.313	6	25800
Vicksburg	32.352	-90.878	6	25701
Sept-Îles	50.316	-66.360	6	25686
Majuro	7.103	171.380	6	25400
Ust-Kut	56.765	105.760	6	25388
Carlsbad	32.421	-104.228	6	25302
Chiromo	-16.550	35.133	6	25235
Wewak	-3.553	143.637	6	25143
Ongwediva	-17.780	15.770	6	25032
Moyale	3.520	39.050	6	24837
Farafangana	-22.817	47.833	6	24764
Lamu	-2.262	40.920	6	24525
Watsa	3.040	29.530	6	24516
Tocopilla	-22.090	-70.190	6	24460
Ghat	24.965	10.173	6	24347
Labasa	-16.417	179.383	6	24187
As Sulayyil	20.462	45.572	6	24097
Kourou	5.160	-52.650	6	24029
Koulikoro	12.883	-7.550	6	23919
Iguape	-24.720	-47.570	6	23784
Khromtau	50.270	58.450	6	23715
Dudinka	69.418	86.225	6	23619
Nasca	-14.830	-74.940	6	23556
Bondo	3.810	23.670	6	23517
Santa Maria da Vitória	-13.390	-44.210	6	23488
Mount Gambier	-37.831	140.765	6	23209
Siwa	29.200	25.517	6	23080
Jyekundo	32.998	97.007	6	23000
Inta	66.037	60.167	6	22921
Onega	63.927	38.077	6	22693
Andoany	-13.400	48.267	6	22680
Kemi	65.733	24.582	6	22641
Taupo	-38.693	176.077	6	22600
Erenhot	43.662	111.965	6	22287
Eirunepé	-6.660	-69.874	6	21750
Naryan Mar	67.647	53.057	6	21658
Manicoré	-5.812	-61.297	6	21549
Shimanovsk	52.002	127.697	6	21466
Palatka	60.100	150.900	6	21452
Luena	-11.790	19.900	6	21115
Corner Brook	48.950	-57.933	6	20791
Maryborough	-25.549	152.721	6	20678
Val d'Or	48.117	-77.767	6	20625
Mbala	-8.840	31.370	6	20570
Mo i Rana	66.317	14.167	6	20409
Musina	-22.340	30.030	6	20191
Esquel	-42.900	-71.317	6	20048
Narvik	68.383	17.290	6	20000
Puerto Natales	-51.718	-72.512	6	20000
Tidjikdja	18.550	-11.417	6	19981
Burnie	-41.067	145.917	6	19972
Yeniseysk	58.452	92.157	6	19920
Kavieng	-2.581	150.813	6	19728
Babanusa	11.333	27.800	6	19700
Lillehammer	61.133	10.500	6	19542
North Battleford	52.767	-108.283	6	19440
Zapala	-38.900	-70.067	6	19152
Contamana	-7.340	-75.020	6	18921
Eyl	7.983	49.833	6	18904
Hun	29.117	15.933	6	18878
Züünkharaa	48.867	106.467	6	18830
Slyudyanka	51.654	103.699	6	18809
Molde	62.748	7.183	6	18594
Nara	15.180	-7.280	6	18459
Lijiang	26.800	100.267	6	18445
Kyakhta	50.353	106.453	6	18431
Tindouf	27.674	-8.148	6	18270
Kiruna	67.850	20.217	6	18154
Keetmanshoop	-26.574	18.130	6	18039
Mao	14.119	15.313	6	18031
Forster-Tuncurry	-32.193	152.527	6	17591
Bulgan	48.811	103.532	6	17348
Wadi Halfa	21.800	31.350	6	17121
Ambriz	-7.855	13.125	6	17000
Tôlanaro	-25.027	46.990	6	16818
Mossel Bay	-34.170	22.130	6	16743
Morombe	-21.739	43.366	6	16727
Queenstown	-45.023	168.725	6	16600
Akureyri	65.667	-18.100	6	16563
Marsabit	2.330	37.980	6	16460
Santissima Trindade	-15.000	-59.950	6	16271
Fonte Boa	-2.514	-66.092	6	16060
Bodaybo	57.851	114.193	6	15933
Baruun-Urt	46.700	113.283	6	15805
Udachny	66.423	112.397	6	15266
São Gabriel da Cachoeira	-0.133	-67.083	6	15231
Tsumeb	-19.240	17.710	6	14959
Bemidji	47.474	-94.880	6	14796
Öndörkhaan	47.317	110.650	6	14723
Tórshavn	62.030	-6.820	6	14398
Williams Lake	52.117	-122.150	6	14168
Port Augusta	-32.490	137.770	6	13897
Kem	64.954	34.568	6	13829
Bandarbeyla	9.483	50.817	6	13753
Chañaral	-26.348	-70.621	6	13543
Faya Largeau	17.917	19.117	6	13400
Dolbeau	48.867	-72.233	6	13337
Palmer	61.600	-149.113	6	13111
Muynoq	43.768	59.021	6	13000
Mogocha	53.733	119.767	6	12647
Barcelos	-0.975	-62.924	6	12584
Los Alamos	35.891	-106.298	6	12233
Belomorsk	64.525	34.766	6	12165
Alta	69.967	23.242	6	12077
Aleksandrovsk Sakhalinskiy	50.897	142.156	6	12024
Dundo	-7.380	20.830	6	11985
Robertsport	6.753	-11.369	6	11969
Dolo Bay	4.183	42.083	6	11810
Negele Boran	5.317	39.583	6	11772
Magdagachi	53.450	125.800	6	11739
Río Colorado	-38.967	-64.083	6	11499
Havre	48.545	-109.678	6	11154
Biltine	14.533	20.917	6	11000
Bowen	-20.001	148.209	6	10983
Kenora	49.767	-94.467	6	10852
Khilok	51.350	110.450	6	10627
Filadelfia	-22.340	-60.030	6	10470
Greenville	5.011	-9.039	6	10374
Merowe	18.483	31.817	6	10234
Innisfail	-17.531	146.039	6	10143
Nogliki	51.833	143.167	6	10098
Salaverry	-8.220	-78.990	6	10066
Taltal	-25.400	-70.470	6	10018
Skovorodino	53.983	123.917	6	10007
Grafton	-29.712	152.938	6	9955
Vilyuysk	63.755	121.625	6	9948
Gamba	-2.650	10.000	6	9928
Lobamba	-26.467	31.200	6	9782
Igrim	63.193	64.419	6	9545
San Jose	-17.850	-60.780	6	9211
Cody	44.523	-109.057	6	9161
Porto Nacional	-10.700	-48.420	6	9129
Ménaka	15.917	2.400	6	9110
Dauphin	51.150	-100.050	6	9077
Ketchikan	55.356	-131.664	6	9070
Novo Airão	-2.621	-60.944	6	9049
Namsos	64.483	11.500	6	9035
Sinop	-11.850	-55.460	6	8961
Kemijärvi	66.667	27.417	6	8883
Buyant-Uhaa	44.867	110.150	6	8776
Suntar	62.144	117.632	6	8639
Olovyannaya	50.950	115.567	6	8247
Moree	-29.470	149.830	6	8203
Qarqaraly	49.425	75.465	6	8195
Puerto Aisén	-45.400	-72.700	6	8067
Uliastay	47.750	96.817	6	8056
Illizi	26.483	8.467	6	7957
Keflavík	64.017	-22.567	6	7930
Esperance	-33.857	121.889	6	7888
Dryden	49.783	-92.833	6	7862
Kenai	60.554	-151.258	6	7610
Banff	51.178	-115.572	6	7502
Yarmouth	43.831	-66.113	6	7500
Carnarvon	-24.900	113.650	6	7392
Susuman	62.783	148.167	6	7367
Wick	58.433	-3.083	6	7147
Zambezi	-13.540	23.110	6	7074
Melekeok	7.487	134.627	6	7026
Khandyga	62.666	135.600	6	6796
Ghadamis	30.133	9.500	6	6623
Awjilah	29.108	21.287	6	6610
Lerwick	60.150	-1.150	6	6594
Qazaly	45.763	62.108	6	6582
Flin Flon	54.767	-101.883	6	6393
San Matias	-16.360	-58.420	6	6352
Fort Nelson	58.804	-122.687	6	6315
Smithers	54.767	-127.167	6	6245
Umba	66.681	34.346	6	6128
Bathurst	47.600	-65.650	6	6111
The Pas	53.817	-101.233	6	6055
Tessalit	20.201	1.089	6	6000
Norway House	53.967	-97.833	6	6000
Tazovsky	67.467	78.700	6	5981
Maintirano	-18.067	44.017	6	5925
Northam	-31.657	116.653	6	5855
Kununurra	-15.767	128.733	6	5679
Roma	-26.559	148.791	6	5496
Avarua	-21.196	-159.785	6	5445
Tura	64.283	100.250	6	5444
Sarmiento	-45.600	-69.083	6	5185
Vadsø	70.097	29.766	6	5139
Newman	-23.367	119.733	6	5138
Chernyshevsky	63.013	112.471	6	5137
Ust-Kamchatsk	56.214	162.435	6	4939
Pevek	69.701	170.313	6	4837
Turukhansk	65.838	87.955	6	4774
Funafuti	-8.517	179.217	6	4749
Bagdarin	54.433	113.600	6	4676
Palikir	6.917	158.150	6	4645
Sangar	63.924	127.474	6	4633
Tonantins	-2.873	-67.802	6	4561
Aqtau	43.623	51.236	6	4479
Ilulissat	69.217	-51.100	6	4413
Goondiwindi	-28.555	150.325	6	4251
Manjimup	-34.233	116.150	6	4240
Ely	39.247	-114.888	6	4216
Omsukchan	62.533	155.800	6	4201
Svolvær	68.233	14.567	6	4197
Novyy Uoyin	56.135	111.734	6	4184
Araouane	18.900	-3.530	6	4026
Mayumba	-3.417	10.650	6	3996
Jasper	52.883	-118.083	6	3907
Tennant Creek	-19.650	134.200	6	3889
Perito Moreno	-46.600	-70.933	6	3766
Teeli	51.033	90.233	6	3732
Chersky	68.750	161.330	6	3707
Gaspé	48.837	-64.493	6	3677
Mezen	65.852	44.240	6	3672
Zyryanka	65.736	150.890	6	3627
De-Kastri	51.467	140.783	6	3615
Unalaska	53.869	-166.532	6	3571
Srednekolymsk	67.450	153.710	6	3459
Gander	48.950	-54.550	6	3345
Vanhynsdorp	-31.617	18.733	6	3331
Kirkenes	69.725	30.052	6	3282
Qaqortoq	60.729	-46.036	6	3224
Derby	-17.312	123.642	6	3199
Ust-Maya	60.457	134.543	6	3062
Inuvik	68.350	-133.700	6	3022
Taoudenni	22.667	-3.983	6	3019
Mandalgovi	45.750	106.266	6	2984
Mabaruma	8.200	-59.780	6	2972
Seward	60.126	-149.470	6	2900
Weipa	-12.667	141.867	6	2830
Port Burwell	60.266	-64.741	6	2762
Garoowe	8.400	48.500	6	2568
Provideniya	64.423	-173.226	6	2536
Ísafjörður	66.083	-23.150	6	2534
Nagchu	31.480	92.050	6	2500
Puerto Williams	-54.933	-67.617	6	2500
Rankin Inlet	62.817	-92.095	6	2472
El Dorado	6.733	-61.633	6	2383
Dondo	-9.690	14.430	6	2353
Puerto San Julián	-49.300	-67.717	6	2347
Maltahöhe	-24.840	16.940	6	2329
Cordova	60.543	-145.757	6	2257
Mejillones	-23.100	-70.450	6	2041
Evensk	61.950	159.233	6	2024
Marka	1.720	44.769	6	1958
Amapá	2.050	-50.800	6	1947
Saskylakh	71.917	114.083	6	1920
Charleville	-26.400	146.250	6	1900
Paamiut	62.004	-49.635	6	1862
Tasiilaq	65.602	-37.634	6	1829
Attawapiskat	52.917	-82.433	6	1802
Novy Port	67.698	72.928	6	1790
Moosonee	51.281	-80.658	6	1725
Höfn	64.272	-15.214	6	1695
Inukjuak	58.470	-78.136	6	1597
Ceduna	-32.099	133.662	6	1586
Pond Inlet	72.685	-78.000	6	1549
Oktyabrsky	52.664	156.239	6	1534
Eldikan	60.800	135.183	6	1516
Alexander Bay	-28.608	16.503	6	1500
Verkhoyansk	67.545	133.385	6	1388
Cape Dorset	64.313	-76.539	6	1326
Pangnirtung	66.133	-65.750	6	1320
Chumikan	54.711	135.315	6	1305
Uummannaq	70.675	-52.123	6	1299
Ayan	56.454	138.167	6	1286
Gillam	56.350	-94.700	6	1281
Longyearbyen	78.221	15.621	6	1232
Halls Creek	-18.223	127.671	6	1209
Cloncurry	-20.700	140.500	6	1202
Gjoa Haven	68.633	-95.917	6	1109
Klyuchi	56.300	160.850	6	1089
Exmouth	-21.931	114.123	6	1085
Hooper Bay	61.531	-166.097	6	1079
Omolon	65.250	160.500	6	1050
Fulin	29.350	102.717	6	1049
Norseman	-32.200	121.767	6	1004
Principe da Beira	-12.417	-64.417	6	956
Skagway	59.458	-135.314	6	955
Govorovo	70.211	125.993	6	943
Tarapoto	-6.510	-76.480	6	936
Yulara	-25.241	130.989	6	930
Tuktoyaktuk	69.455	-133.049	6	929
Fort Yukon	66.565	-145.274	6	833
Georgetown	-18.300	143.533	6	818
Watson Lake	60.062	-128.712	6	802
Wyndham	-15.595	128.224	6	800
Uelen	66.154	-169.811	6	776
Yerema	60.381	107.779	6	745
Gambell	63.780	-171.731	6	681
Meekatharra	-26.600	118.483	6	654
Mingan	50.302	-64.017	6	588
Onslow	-21.658	115.096	6	573
Quilpie	-26.617	144.250	6	560
Kangerlussuaq	67.014	-50.710	6	556
Mereeg	3.767	47.300	6	548
Cartwright	53.701	-57.012	6	505
Galena	64.733	-156.927	6	500
Holman	70.733	-117.750	6	500
Bir Lehlou	26.119	-9.653	6	500
Lynn Lake	56.850	-101.050	6	482
Ittoqqortoormiit	70.483	-21.967	6	469
Fada	17.185	21.590	6	448
Fort Resolution	61.167	-113.683	6	448
Xangongo	-16.740	14.970	6	447
Hughenden	-20.850	144.200	6	421
Kimmirut	62.850	-69.883	6	385
Laverton	-28.627	122.404	6	316
Shoyna	67.867	44.133	6	300
Kulusuk	65.567	-37.183	6	286
Fort Simpson	61.850	-121.333	6	283
Amderma	69.763	61.668	6	282
Brochet	57.883	-101.667	6	278
Nimule	3.600	32.050	6	242
Togiak	59.070	-160.378	6	236
Leonara	-28.882	121.328	6	227
Nuussuaq	74.121	-57.067	6	204
Thargomindah	-28.000	143.817	6	203
Kangersuatsiaq	72.380	-55.549	6	200
Three Springs	-29.533	115.750	6	190
Sayhut al Ghamirah	15.211	51.245	6	189
Camooweal	-19.917	138.117	6	187
Wainwright	70.637	-160.038	6	174
Androka	-25.022	44.075	6	174
Karumba	-17.483	140.833	6	173
Al Qunfudhah	19.126	41.079	6	157
Ivugivik	62.417	-77.900	6	156
La Esmeralda	3.174	-65.547	6	150
Alert	82.483	-62.250	6	125
Rigolet	54.177	-58.447	6	124
Lansdowne House	52.217	-87.883	6	120
Kaktovik	70.088	-143.603	6	101
Vorontsovo	71.698	83.564	6	100
Nyingchi	29.651	94.367	6	100
Uranium City	59.567	-108.617	6	89
Savissivik	76.019	-65.112	6	66
Red Devil	61.761	-157.313	6	25
Grise Fiord	76.442	-82.950	6	23
Kovda	66.690	32.870	6	20
Krasino	70.731	54.421	6	10
Matočkin Šar	73.270	56.450	6	10
Indiga	67.690	49.017	6	10
Gyda	70.881	78.466	6	10
Numto	63.667	71.333	6	10
Komsa	61.868	89.258	6	10
Starorybnoye	72.767	104.800	6	10
Mikhaylova	75.095	86.982	6	10
Chagda	60.100	133.900	6	10
Terbyas	64.376	120.547	6	10
Menkere	67.989	123.350	6	10
Sagastyr	73.378	126.592	6	10
Ust-Olenyok	72.998	119.773	6	10
Olenyok	68.525	112.450	6	10
Khakhar	57.667	135.430	6	10
Manily	62.550	165.300	6	10
Timmiarmiut	62.533	-42.217	6	10
Nord	81.717	-17.800	6	10
Qeqertasuaq	69.244	-53.565	6	10
Erldunda	-25.233	133.200	6	10
Gueppi	-0.117	-75.230	6	10
Djado	21.015	12.308	6	10
Rusanovo	70.598	56.372	6	10
Bir Mogrein	25.233	-11.583	6	10
Chernobyl	51.389	30.099	6	0
Ennadai	61.133	-100.883	6	0
Kazachye	70.733	136.217	6	-99
Haora	22.585	88.319	7	4841638
Hechi	24.695	108.083	7	3830000
Zhangzhou	24.520	117.670	7	3531147
Irvine	33.680	-117.830	7	3010232
Quezon City	14.650	121.030	7	2761720
Katowice	50.260	19.020	7	2746000
Xiangtan	27.850	112.900	7	2586948
Bekasi	-6.217	106.972	7	2378211
Mannheim	49.500	8.470	7	2362000
Dammam	26.430	50.098	7	2054710
Fort Lauderdale	26.136	-80.142	7	2042042
Shuyang	34.130	118.773	7	1770000
Zhongli	24.965	121.217	7	1632616
Toluca	19.289	-99.653	7	1531000
Karaj	35.802	50.968	7	1423000
Maanshan	31.673	118.485	7	1366302
Düsseldorf	51.220	6.780	7	1220000
Maoming	21.920	110.870	7	1217715
Cilacap	-7.719	109.015	7	1174964
Shangrao	28.470	117.970	7	1144577
Baoding	38.858	115.469	7	1107000
Zigong	29.402	104.778	7	1105000
Ikare	7.530	5.760	7	1099931
Haifa	32.822	34.978	7	1011000
Kitakyūshū	33.870	130.820	7	997536
Hamamatsu	34.718	137.733	7	977023
Salerno	40.680	14.770	7	954265
Songnam	37.441	127.136	7	942000
Goyang	37.655	126.835	7	903000
Aba	5.100	7.350	7	897560
Tarsus	36.920	34.880	7	894318
Bandar Lampung	-5.450	105.300	7	881801
Novo Hamburgo	-29.710	-51.140	7	876990
Yangjiang	21.850	111.970	7	872363
Bucheon	37.501	126.781	7	866000
Rizhao	35.430	119.450	7	865000
New Haven	41.330	-72.900	7	846766
Basel	47.580	7.590	7	830000
Jhansi	25.453	78.557	7	826494
Nottingham	52.941	-1.166	7	825600
Butterworth	5.417	100.400	7	821652
Bareilly	28.347	79.418	7	817000
Saarbrücken	49.250	6.970	7	770001
Jincheng	35.500	112.830	7	760000
Changhua	24.073	120.513	7	750000
Oyo	7.850	3.930	7	736072
Beihai	21.480	109.100	7	728978
Lowell	42.634	-71.317	7	723629
As Sulaymaniyah	35.561	45.431	7	723170
Hanover	52.367	9.717	7	722490
Moshi	-3.340	37.340	7	721018
Kumamoto	32.801	130.701	7	718232
Lianyungang	34.587	119.226	7	715600
Dehra Dun	30.320	78.050	7	714223
Jeonju	35.831	127.140	7	711424
Qingyuan	23.700	113.030	7	706717
Changzhi	36.184	113.105	7	706000
Akron	41.070	-81.520	7	703200
Tolyatti	53.508	49.420	7	702879
Shizuoka	34.986	138.385	7	701561
Meknes	33.900	-5.560	7	697628
La Plata	-34.923	-57.954	7	694253
Malegaon	20.560	74.525	7	690844
Stockton	37.958	-121.290	7	685306
Bonn	50.720	7.080	7	680543
Puyang	35.700	114.980	7	666322
Ismaïlia	30.590	32.260	7	656135
Shivamogga	13.930	75.560	7	654055
Zhanyi	25.600	103.817	7	652604
Turpan	42.935	89.165	7	651853
Tiruppur	11.080	77.330	7	650000
Diyarbakır	37.920	40.230	7	644763
Morelia	19.733	-101.189	7	644306
Utrecht	52.100	5.120	7	640000
Wrocław	51.110	17.030	7	634893
Raurkela	22.230	84.830	7	625831
Poznań	52.406	16.900	7	623997
Bannu	32.989	70.599	7	622419
Wiesbaden	50.080	8.250	7	617126
Changping	40.225	116.194	7	614821
Taizhou	32.490	119.900	7	612356
Xiangtai	37.050	114.500	7	611739
Oceanside	33.191	-117.346	7	609854
Sangli	16.860	74.575	7	601214
Barcelona	10.130	-64.720	7	600954
El Mansura	31.050	31.380	7	600000
Sohag	26.550	31.700	7	600000
Jalalabad	34.442	70.436	7	597971
Al Hillah	32.472	44.422	7	594605
Abeokuta	7.160	3.350	7	593100
Gary	41.580	-87.330	7	591180
Covington	39.084	-84.509	7	585489
Bikaner	28.015	73.332	7	576015
Shuozhou	39.300	112.420	7	570000
Pereira	4.810	-75.680	7	568750
Binjai	3.620	98.500	7	564979
Tongling	30.950	117.780	7	562832
Bhavnagar	21.778	72.130	7	554978
Kenitra	34.270	-6.580	7	551786
Málaga	36.720	-4.420	7	550058
Matola	-25.970	32.460	7	543907
Bilaspur	22.090	82.160	7	543454
Sargodha	32.085	72.675	7	542603
Leipzig	51.335	12.410	7	542529
Tirunelveli	8.730	77.690	7	542200
Grand Rapids	42.964	-85.670	7	535829
Rouen	49.430	1.080	7	532559
Jiangmen	22.580	113.080	7	532419
Cangzhou	38.320	116.870	7	527681
Jian	27.130	115.000	7	520248
Siliguri	26.720	88.455	7	515574
Ujjain	23.190	75.790	7	513350
Blida	36.420	2.830	7	511348
Karbala	32.615	44.024	7	510692
Gliwice	50.330	18.670	7	507670
Bukittinggi	-0.303	100.361	7	506964
Arak	34.080	49.700	7	503647
Pingtung	22.682	120.482	7	503530
Brighton	50.830	-0.170	7	503008
Bari	41.114	16.873	7	500577
Keelung	25.133	121.733	7	500000
Mazatlán	29.017	-110.133	7	500000
Awka	6.210	7.070	7	500000
Pasuruan	-7.630	112.900	7	500000
Damanhûr	31.050	30.470	7	500000
Shuangyashan	46.670	131.350	7	500000
Tsu	34.717	136.517	7	500000
Chiayi	23.475	120.435	7	500000
Mataram	-8.580	116.135	7	499409
Shahrisabz	39.062	66.831	7	498545
Songyuan	45.180	124.820	7	495900
Beni Suef	29.080	31.090	7	489450
Bologna	44.500	11.340	7	488172
Everett	47.960	-122.200	7	486903
Bhatpara	22.853	88.414	7	483129
Ife	7.480	4.560	7	482365
Zhaoqing	23.050	112.450	7	480000
Ostrava	49.830	18.250	7	478963
Jiaojing	28.680	121.450	7	471500
Chaoyang	41.550	120.420	7	470296
İzmit	40.776	29.931	7	466504
Iligan	8.171	124.215	7	464599
Calabar	4.960	8.330	7	461796
Malatya	38.370	38.300	7	461574
Hamah	35.150	36.730	7	460602
Cranbourne	-38.100	145.283	7	460491
Jingdezhen	29.270	117.180	7	457298
Volta Redonda	-22.520	-44.095	7	456362
Luhansk	48.570	39.334	7	452000
An Nasiriyah	31.043	46.268	7	451547
Chengde	40.960	117.930	7	449325
Xuchang	34.020	113.820	7	449258
Chlef	36.170	1.320	7	449167
Ōita	33.243	131.598	7	448907
Ado Ekiti	7.630	5.220	7	446749
Portsmouth	50.800	-1.080	7	442252
Foz do Iguaçu	-25.523	-54.530	7	440455
Wakayama	34.223	135.168	7	440006
Mawlamyine	16.500	97.670	7	438861
Nantes	47.210	-1.590	7	438537
Khomeini Shahr	32.700	51.470	7	437138
Katsina	12.990	7.600	7	432149
Erzurum	39.920	41.290	7	420691
Akure	7.250	5.200	7	420594
Middlesbrough	54.580	-1.230	7	416042
Meizhou	24.300	116.120	7	414930
Gifu	35.423	136.763	7	412895
Metz	49.120	6.180	7	409186
Al Ayn	24.230	55.740	7	408733
Jeju	33.510	126.522	7	408364
Oshogbo	7.770	4.560	7	408245
Ipatinga	-19.480	-42.520	7	407894
Szczecin	53.420	14.530	7	407811
Tanta	30.790	31.000	7	404901
Taubaté	-23.020	-45.560	7	403560
Pasay City	14.550	121.000	7	403064
Mbale	1.090	34.170	7	402368
Jingmen	31.031	112.201	7	400000
Sikar	27.610	75.140	7	400000
Buraydah	26.366	43.963	7	398581
Columbia	38.952	-92.334	7	398093
Kollam	8.900	76.570	7	394163
Osh	40.540	72.790	7	391277
Stoke	53.000	-2.180	7	390801
Palm Springs	33.777	-116.533	7	390115
Bhilwara	25.350	74.635	7	389911
Comilla	23.470	91.170	7	389411
Samut Prakan	13.607	100.611	7	388920
Grenoble	45.180	5.720	7	388574
Nizamabad	18.670	78.100	7	388505
Brno	49.200	16.610	7	388277
Coventry	52.401	-1.503	7	388271
Qarshi	38.870	65.800	7	386361
Hail	27.524	41.700	7	385257
Béjaïa	36.760	5.070	7	384937
Dezhou	37.450	116.300	7	379555
Parbhani	19.270	76.760	7	378326
Ogden	41.232	-111.968	7	377224
Zhoukou	33.630	114.630	7	377061
Putian	25.430	119.020	7	376558
Shillong	25.570	91.880	7	375527
Khorramabad	33.480	48.350	7	375198
São José do Rio Preto	-20.800	-49.390	7	374699
Kaunas	54.950	23.880	7	374643
Seremban	2.710	101.940	7	372917
Denizli	37.770	29.080	7	372344
Van	38.495	43.400	7	371713
Quzhou	28.970	118.870	7	370000
Rajapalaiyam	9.420	77.580	7	369991
Mahilyow	53.899	30.325	7	369200
Longyan	25.074	116.995	7	367896
Bydgoszcz	53.120	18.010	7	366452
Vladikavkaz	43.050	44.670	7	364630
Tamale	9.400	-0.840	7	360579
St. Charles	38.784	-90.506	7	360485
Lublin	51.250	22.573	7	360044
Sungai Petani	5.650	100.479	7	358499
Simferopol	44.949	34.099	7	358108
Toulon	43.134	5.919	7	357693
San Sebastián	43.320	-1.980	7	357468
Iwaki	37.055	140.890	7	357309
Cà Mau	9.177	105.150	7	356636
Longxi	35.003	104.671	7	355037
Mito	36.370	140.480	7	353892
Neiva	2.931	-75.330	7	352855
Vinnytsya	49.225	28.482	7	352115
Greenville	34.853	-82.394	7	350954
Kuala Terengganu	5.330	103.120	7	350210
Aurora	41.765	-88.300	7	350000
Qoqon	40.540	70.940	7	350000
Việt Trì	21.330	105.430	7	350000
Long Xuyen	10.380	105.420	7	350000
Haarlem	52.380	4.630	7	349957
Buon Me Thuot	12.667	108.050	7	349945
Linz	48.319	14.289	7	349161
Mbombela	-25.470	30.980	7	348138
Verona	45.440	10.990	7	347459
Charleroi	50.420	4.450	7	345367
Al Amarah	31.842	47.151	7	345007
Yeosu	34.737	127.746	7	341994
Jhang	31.280	72.325	7	341210
Yaan	29.980	103.080	7	340000
Tieling	42.300	123.820	7	340000
Kaluga	54.520	36.270	7	338978
Phan Thiet	10.934	108.100	7	336846
Alor Setar	6.113	100.373	7	336475
Muzaffarpur	26.120	85.380	7	333200
Beni	0.490	29.450	7	332903
Heyuan	23.730	114.680	7	330961
Mymensingh	24.750	90.380	7	330126
Patiala	30.320	76.385	7	329224
Maringá	-23.410	-51.930	7	328335
Sagar	23.850	78.750	7	328240
Montpellier	43.610	3.870	7	327254
Itajaí	-26.900	-48.680	7	327126
Yoshkar Ola	56.635	47.875	7	324406
Modesto	37.655	-120.990	7	323386
Volzhskiy	48.795	44.774	7	323293
Chenzhou	25.800	113.030	7	322997
Al Kut	32.491	45.830	7	321521
Podolsk	55.380	37.530	7	320635
Kherson	46.633	32.601	7	320477
Shahjahanpur	27.880	79.905	7	320434
Anápolis	-16.320	-48.960	7	319587
Pachuca	20.106	-98.736	7	319581
Tepic	21.505	-104.880	7	318781
Poltava	49.574	34.570	7	317847
Hrodna	53.678	23.834	7	317365
Bauchi	10.310	9.840	7	316149
Alicante	38.351	-0.484	7	315863
Dezful	32.380	48.470	7	315482
Maiquetía	10.600	-66.970	7	315442
Armenia	4.534	-75.681	7	315328
Timișoara	45.759	21.223	7	315053
Pescara	42.455	14.219	7	314789
Gdynia	54.520	18.530	7	314664
Ninde	26.680	119.530	7	314077
Varna	43.216	27.895	7	312770
Koblenz	50.350	7.600	7	312633
Cherepovets	59.140	37.910	7	311850
Brașov	45.648	25.607	7	311044
Sambalpur	21.470	83.970	7	310852
Sapele	5.890	5.680	7	309162
Dayr az Zawr	35.330	40.130	7	309141
Ratlam	23.350	75.030	7	307229
Ksar El Kebir	35.020	-5.910	7	306600
Rajahmundry	17.030	81.790	7	304804
Olongapo	14.830	120.283	7	304388
Craiova	44.326	23.826	7	304142
Saransk	54.170	45.180	7	303394
Kingston upon Hull	53.750	-0.330	7	302296
Batman	37.890	41.140	7	302074
Qena	26.150	32.720	7	302027
Jinja	0.440	33.200	7	301619
Bidar	17.923	77.518	7	300136
Rạch Giá	10.015	105.091	7	300000
Sóc Trăng	9.604	105.980	7	300000
Curepipe	-20.316	57.517	7	299975
Fort Wayne	41.080	-85.130	7	299871
Kanggye	40.973	126.603	7	299514
Baqubah	33.748	44.657	7	299479
Dumyat	31.420	31.820	7	299459
Al Kharj	24.156	47.312	7	298428
Chernivtsi	48.305	25.922	7	298251
İskenderun	36.580	36.170	7	297943
Cherkasy	49.435	32.071	7	297568
Rampur	28.815	79.025	7	296418
Flint	43.013	-83.688	7	295212
Thiès	14.810	-16.930	7	293001
Panipat	29.400	76.970	7	292808
Białystok	53.132	23.182	7	291855
Cagliari	39.222	9.104	7	291511
Mayagüez	18.202	-67.140	7	291339
Khammam	17.280	80.160	7	290839
Bafoussam	5.490	10.410	7	290768
Kasur	31.125	74.455	7	290643
Limeira	-22.565	-47.402	7	289665
Bhuj	23.234	69.674	7	289429
Karimnagar	18.460	79.110	7	288251
Ciudad Obregon	27.467	-109.925	7	288002
Worcester	42.270	-71.800	7	287365
Coatzacoalcos	18.120	-94.420	7	287285
Tirupati	13.650	79.420	7	287035
Petrópolis	-22.509	-43.200	7	286071
Hosapete	15.280	76.375	7	286007
Mandya	12.570	76.920	7	285034
Alwar	27.545	76.605	7	283228
Cadiz	10.959	123.309	7	283157
Aizawl	23.710	92.720	7	283021
Winston-Salem	36.105	-80.260	7	281683
Ambato	-1.270	-78.620	7	281425
Gorgan	36.830	54.480	7	281023
Newark	40.700	-74.170	7	280123
Tacloban	11.250	125.000	7	280006
Xinzhou	38.410	112.720	7	279607
Owo	7.200	5.590	7	276574
Sukabumi	-6.910	106.900	7	276414
Jinshi	29.632	111.852	7	274000
Crato	-7.230	-39.420	7	273883
Blackpool	53.830	-3.050	7	272792
Majene	-3.534	118.966	7	272377
Yamagata	38.270	140.320	7	272209
Pakalongan	-6.880	109.670	7	272000
Sari	36.550	53.100	7	271467
Gombe	10.290	11.170	7	270366
Münster	51.970	7.620	7	270184
Kiel	54.330	10.130	7	269427
Nancy	48.684	6.200	7	268976
Mokpo	34.807	126.396	7	268402
Tebingtinggi	3.330	99.130	7	268043
Padangsidempuan	1.389	99.273	7	266882
Ann Arbor	42.300	-83.720	7	265976
Lausanne	46.530	6.650	7	265702
Saint-Étienne	45.430	4.380	7	265684
Uruapan	19.420	-102.070	7	264531
Sivas	39.745	37.035	7	264022
Graz	47.078	15.410	7	263234
Naples	26.142	-81.795	7	262306
Balıkesir	39.650	27.890	7	261516
Zhuanghe	39.682	122.962	7	261510
Lakeville	44.650	-93.243	7	261308
Sincelejo	9.290	-75.380	7	261187
Acarigua	9.580	-69.200	7	260921
Kondoz	36.728	68.873	7	259809
Nonthaburi	13.834	100.483	7	258550
Etawah	26.785	79.015	7	257448
Mendefera	14.886	38.816	7	257390
Cascavel	-24.960	-53.460	7	257172
Ondo	7.090	4.840	7	257005
Dzerzhinsk	56.250	43.460	7	256537
Da Lat	11.930	108.420	7	256019
Davenport	41.554	-90.588	7	255738
Raichur	16.210	77.355	7	255240
Rivne	50.617	26.253	7	255106
Freiburg	48.000	7.870	7	254889
Poza Rica de Hidalgo	20.526	-97.444	7	254481
Fort-de-France	14.610	-61.080	7	253995
Pathankot	32.270	75.720	7	253987
Chirala	15.860	80.340	7	253000
Buenaventura	3.872	-77.050	7	252805
Suihua	46.630	126.980	7	252245
Messina	38.200	15.550	7	252026
Luzern	47.050	8.280	7	250000
Quảng Ngãi	15.150	108.830	7	250000
Arua	3.020	30.900	7	250000
Zumpango	19.810	-99.110	7	250000
Kashan	33.980	51.580	7	250000
Niš	43.330	21.900	7	250000
Kirovohrad	48.504	32.260	7	249454
Hafar al Batin	28.434	45.960	7	249194
Jalal Abad	40.943	73.003	7	248899
Vung Tau	10.355	107.085	7	248767
Fukui	36.070	136.220	7	248707
Singkawang	0.912	108.965	7	248012
Miskolc	48.100	20.780	7	247757
Plymouth	50.385	-4.160	7	247297
Udon Thani	17.405	102.789	7	247231
Mirzapur	25.145	82.570	7	245817
Rzeszów	50.029	21.996	7	245686
Qinzhou	21.950	108.620	7	245376
Ternopil	49.536	25.582	7	244768
Hebi	35.950	114.220	7	244662
Gunsan	35.982	126.716	7	244080
Jashore	23.170	89.200	7	243987
Manisa	38.630	27.440	7	243971
Fayetteville	35.051	-78.887	7	243306
Tehuacan	18.450	-97.380	7	241429
Ivano-Frankivsk	48.935	24.709	7	241239
Linchuan	27.970	116.360	7	241104
San Pablo	14.070	121.323	7	240830
Sasebo	33.163	129.718	7	237444
Al Jubayl	27.005	49.646	7	237274
Pathein	16.770	94.750	7	237089
Tegal	-6.870	109.120	7	237084
Zicheng	30.300	111.500	7	237042
Košice	48.730	21.250	7	236563
Tours	47.380	0.700	7	236096
Dera Ghazi Khan	30.060	70.635	7	236093
Springs	-26.270	28.430	7	236083
Luton	51.880	-0.420	7	235958
Oviedo	43.350	-5.830	7	235651
Lübeck	53.870	10.670	7	235390
Jizzax	40.100	67.830	7	235352
Kediri	-7.790	112.000	7	235143
Zacatecas	22.770	-102.580	7	234481
Santa Ana	13.995	-89.560	7	234478
Singaraja	-8.115	115.094	7	234468
Nizhnekamsk	55.640	51.820	7	234297
Kremenchuk	49.084	33.430	7	232742
Ploiești	44.947	26.036	7	232542
Saidpur	25.800	89.000	7	232209
Al Fallujah	33.348	43.777	7	231819
Santa Rosa	38.450	-122.700	7	231792
Shishou	29.700	112.400	7	231787
Ngaoundéré	7.320	13.580	7	231357
Debrecen	47.530	21.630	7	231286
Osnabrück	52.280	8.050	7	231268
Magdeburg	52.130	11.620	7	229826
Tlimcen	34.890	-1.320	7	229777
Noginsk	55.870	38.480	7	229731
Nawabshah	26.245	68.400	7	229504
Bharatpur	27.209	77.507	7	229384
Uitenhage	-33.760	25.390	7	228912
Er Rachidia	31.940	-4.450	7	228489
Fort Collins	40.561	-105.059	7	228385
Fort Pierce	27.447	-80.326	7	228245
Miri	4.400	113.985	7	228212
Hyeson	41.393	128.193	7	227461
Starsy Oskol	51.300	37.840	7	226977
Liaocheng	36.430	115.970	7	226930
Gusau	12.170	6.660	7	226857
Tanjungpinang	0.917	104.471	7	226666
Chon Buri	13.400	101.000	7	226618
Sikasso	11.320	-5.680	7	225753
Mubi	10.270	13.270	7	225705
Kissimmee	28.292	-81.408	7	225494
Novi Sad	45.250	19.850	7	225457
Nyanza	-2.350	29.740	7	225209
Skikda	36.880	6.900	7	225181
Karnal	29.680	76.970	7	225049
Bạc Liêu	9.280	105.720	7	225000
Matsumoto	36.240	137.970	7	224926
Nagercoil	8.180	77.430	7	224329
Haeju	38.039	125.714	7	224231
Adıyaman	37.770	38.280	7	223744
Okara	30.810	73.450	7	223648
Narayanganj	23.620	90.500	7	223622
Hancheng	35.470	110.430	7	222135
Arar	30.990	41.021	7	222016
Itabuna	-14.790	-39.280	7	221938
Banja Luka	44.780	17.180	7	221738
Amol	36.471	52.363	7	221650
Shakhty	47.720	40.270	7	221312
Córdoba	18.920	-96.920	7	220563
Babruysk	53.127	29.193	7	220517
Cabanatuan	15.502	120.962	7	220250
Thanjavur	10.770	79.150	7	219571
Gabès	33.900	10.100	7	219517
Bertoua	4.580	13.680	7	218111
Potsdam	52.400	13.070	7	218095
York	39.963	-76.728	7	218010
Columbus	32.470	-84.980	7	217980
San Pedro de Macorís	18.450	-69.300	7	217899
Mallawi	27.730	30.840	7	217365
Orléans	47.900	1.900	7	217301
Gilgit	35.917	74.300	7	216760
Rybinsk	58.050	38.820	7	216724
Groningen	53.220	6.580	7	216688
Trieste	45.650	13.800	7	216035
Nablus	32.221	35.254	7	215981
Kielce	50.890	20.660	7	215733
Mulhouse	47.750	7.350	7	215454
Biysk	52.534	85.180	7	215430
Zamora	19.980	-102.280	7	214947
Navoi	40.110	65.355	7	214828
Split	43.520	16.470	7	214741
Lutsk	50.747	25.333	7	213661
Nanping	26.630	118.170	7	213054
Limbe	4.030	9.190	7	212474
Kırıkkale	39.850	33.530	7	211138
San-Pedro	4.770	-6.640	7	210273
Pali	25.790	73.330	7	210103
Ijebu Ode	6.820	3.920	7	209175
Tema	5.640	0.010	7	209000
Santander	43.380	-3.800	7	208763
Sidi bel Abbes	35.190	-0.640	7	208604
La Romana	18.417	-68.967	7	208437
Hajjah	15.692	43.602	7	208287
Waitakere	-36.852	174.554	7	208100
Pingliang	35.530	106.680	7	207256
Salzburg	47.810	13.040	7	206279
North Shore	-36.791	174.776	7	205605
Jiutai	44.145	125.844	7	205399
Puqi	29.720	113.880	7	205164
Lampang	18.292	99.481	7	204081
Las Tunas	20.960	-76.954	7	203684
Lianxian	24.782	112.383	7	203639
Pisa	43.720	10.400	7	203336
Agartala	23.835	91.280	7	203264
Edéa	3.800	10.120	7	203149
Rostock	54.070	12.150	7	203080
Ongole	15.506	80.058	7	202860
Djougou	9.700	1.680	7	202810
Khvoy	38.530	44.970	7	202728
Barishal	22.700	90.375	7	202242
Angren	41.030	70.155	7	202070
Taranto	40.508	17.230	7	202033
Al Khums	32.660	14.260	7	201943
Minatitlán	17.980	-94.530	7	201902
Sete Lagoas	-19.450	-44.250	7	201334
Cartagena	37.600	-0.980	7	201274
Puri	19.820	85.900	7	201026
Haldia	22.026	88.058	7	200762
Rivera	-30.900	-55.560	7	200000
Waukegan	42.364	-87.845	7	200000
Kasama	-10.200	31.180	7	200000
Moratuwa	6.780	79.880	7	200000
Nema	16.617	-7.250	7	200000
Az Zawiyah	32.760	12.720	7	200000
Bergamo	45.700	9.670	7	200000
Pokhara	28.204	84.006	7	200000
Meymaneh	35.930	64.770	7	199795
Bacău	46.578	26.920	7	199668
Taza	34.220	-4.020	7	199633
Batu Pahat	1.850	102.933	7	199619
Armavir	45.000	41.130	7	199548
Rashid	31.460	30.390	7	199509
Purnia	25.785	87.480	7	198453
Roanoke	37.271	-79.942	7	198171
Mbanza-Ngungu	-5.250	14.860	7	197545
Kōfu	35.650	138.583	7	197540
Salamanca	20.570	-101.200	7	197524
Proddatur	14.750	78.570	7	197451
El Tigre	8.890	-64.260	7	197440
Burhanpur	21.285	76.172	7	197233
Kure	34.251	132.566	7	196991
Porlamar	10.960	-63.850	7	196934
Manchester	42.996	-71.455	7	196566
Reims	49.250	4.030	7	196565
Engels	51.500	46.120	7	196011
Gandhinagar	23.219	72.644	7	195891
Nagaoka	37.450	138.860	7	195318
Brikama	13.280	-16.660	7	195136
Bongor	10.286	15.387	7	193941
Divinópolis	-20.150	-44.900	7	193832
Machilipatnam	16.200	81.180	7	192827
Oxford	51.752	-1.248	7	192796
Bayamo	20.380	-76.643	7	192632
Klaipėda	55.720	21.120	7	192307
Dunhua	43.350	128.220	7	191870
Muar	2.034	102.567	7	191346
Norwich	52.630	1.300	7	190756
Butuan	8.950	125.544	7	190557
Caen	49.184	-0.350	7	190099
Sadiqabad	28.301	70.130	7	189876
Sơn Tây	21.138	105.505	7	189547
Aberdeen	57.145	-2.105	7	189364
Nandyal	15.464	78.487	7	188654
Mostaganem	35.940	0.090	7	188354
Paarl	-33.700	18.960	7	187865
Rio Grande	-32.049	-52.120	7	187838
Szeged	46.250	20.150	7	187765
Puerto Vallarta	20.677	-105.245	7	187134
Cienfuegos	22.144	-80.440	7	186644
Shendi	16.680	33.420	7	186611
Pécs	46.080	18.220	7	186262
Madiun	-7.635	111.515	7	186099
Ad Damazīn	11.770	34.350	7	186051
Yei	4.090	30.680	7	185000
Ruse	43.854	25.973	7	184270
Tiarat	35.380	1.320	7	184195
Tarlac	15.484	120.583	7	183930
Kalamazoo	42.292	-85.587	7	183381
Pinrang	-3.786	119.652	7	182731
Kamensk Uralskiy	56.420	61.935	7	182500
Biratnagar	26.484	87.283	7	182324
Bahraich	27.567	81.606	7	182218
Barrie	44.384	-79.700	7	182041
Chingola	-12.540	27.850	7	182015
Tonk	26.150	75.790	7	181734
Probolinggo	-7.750	113.150	7	181656
Sirsa	29.490	75.030	7	181639
Hinthada	17.648	95.468	7	180728
Gangneung	37.756	128.896	7	180611
Castello	39.970	-0.050	7	180610
Funtua	11.520	7.320	7	180475
El Jadida	33.260	-8.510	7	180470
Obuasi	6.190	-1.660	7	180117
Zhaodong	46.080	125.980	7	179980
Balkh	36.750	66.900	7	179969
Potosí	-19.570	-65.750	7	179901
Phan Rang	11.567	108.983	7	179773
Almería	36.830	-2.430	7	179405
Vizianagaram	18.111	83.401	7	179358
Si Racha	13.159	100.929	7	178916
El Arish	31.125	33.801	7	178651
Erie	42.130	-80.085	7	178182
Teziutlán	19.820	-97.360	7	177796
Ar Raqqah	35.930	39.020	7	177636
El Oued	33.370	6.860	7	177497
Vellore	12.920	79.150	7	177081
Denton	33.216	-97.129	7	176930
Alappuzha	9.500	76.370	7	176783
Letpadan	17.782	95.741	7	176571
Salatiga	-7.310	110.490	7	176000
Saveh	35.022	50.331	7	175533
Les Cayes	18.200	-73.750	7	175457
Entebbe	0.060	32.460	7	175128
As Samawah	31.310	45.280	7	174978
Tomakomai	42.650	141.550	7	174806
Wahiawa	21.503	-158.024	7	174766
Puerto Cabello	10.460	-68.007	7	174000
Obihiro	42.930	143.170	7	173890
Bida	9.080	6.010	7	173849
Esmeraldas	0.930	-79.670	7	173101
Ulm	48.400	10.000	7	172955
Hong Gai	20.960	107.100	7	172915
Lishui	28.450	119.900	7	172777
Banyuwangi	-8.195	114.370	7	172424
Weinan	34.500	109.500	7	172321
Tébessa	35.410	8.120	7	171742
Pitești	44.856	24.876	7	171021
Burgos	42.350	-3.680	7	170183
Fuyang	32.900	115.820	7	170023
Čačak	43.890	20.330	7	170000
Dijon	47.330	5.030	7	169946
Keluang	2.038	103.318	7	169828
Nîmes	43.830	4.350	7	169547
Al Marj	32.500	20.830	7	169540
Medinipur	22.400	87.334	7	169127
Würzburg	49.800	9.950	7	168561
Hindupur	13.780	77.490	7	168312
Baramula	34.200	74.350	7	167986
Jamalpur	24.900	89.950	7	167900
Ormac	11.064	124.608	7	167584
Miass	54.995	60.095	7	167500
Gonaïves	19.450	-72.683	7	166678
Fatehpur	25.880	80.800	7	166480
Parma	44.810	10.320	7	166011
Tuluá	4.090	-76.210	7	165501
Hà Tĩnh	18.334	105.900	7	165396
Serang	-6.110	106.150	7	164767
Lajes	-27.810	-50.310	7	164676
Regensburg	49.020	12.120	7	164359
Kigoma	-4.880	29.610	7	164268
Pizen	49.740	13.360	7	164180
Phitsanulok	16.828	100.273	7	164017
Myingyan	21.462	95.391	7	163812
Dagupan	16.048	120.341	7	163676
Ingolstadt	48.770	11.450	7	163325
Mostar	43.350	17.820	7	163067
Navsari	20.850	72.920	7	163000
Tartus	34.885	35.887	7	162980
Simao	22.781	100.978	7	162725
Lecce	40.360	18.150	7	162582
Mahabad	36.770	45.720	7	162434
Salamanca	40.970	-5.670	7	162353
Settat	33.010	-7.620	7	161748
Wilmington	39.746	-75.547	7	161560
Tunja	5.550	-73.370	7	161412
Coquimbo	-29.953	-71.344	7	161317
Ras al Khaymah	25.792	55.943	7	160849
Sullana	-4.890	-80.680	7	160789
Xiaogan	30.920	113.900	7	160437
Ponce	18.000	-66.617	7	160334
Lázaro Cárdenas	17.959	-102.200	7	160087
Gonbad-e Kavus	37.252	55.171	7	159982
Salavat	53.370	55.930	7	159893
Pagadian	7.853	123.507	7	159590
Nakhodka	67.750	77.520	7	159551
Zarzis	33.510	11.100	7	159161
York	53.951	-1.072	7	158947
Wilkes-Barre	41.249	-75.878	7	158913
Cuddalore	11.720	79.770	7	158569
Odense	55.400	10.383	7	158222
Albacete	39.000	-1.870	7	158094
Melitopol	46.838	35.377	7	158000
Rustavi	41.570	45.050	7	157063
Tiraspol	46.853	29.640	7	157000
Afyon	38.750	30.550	7	156992
Zonguldak	41.430	31.780	7	156918
Matsue	35.467	133.067	7	156811
Koforidua	6.090	-0.260	7	156653
Uroteppa	39.922	69.001	7	156621
Livorno	43.551	10.302	7	156274
Scranton	41.409	-75.663	7	156196
Ciudad del Carmen	18.654	-91.824	7	156195
Shkodër	42.068	19.519	7	155767
Barysaw	54.226	28.492	7	155389
Innsbruck	47.280	11.410	7	155214
Foggia	41.460	15.560	7	155203
Ordu	41.000	37.870	7	155117
Kanchipuram	12.834	79.717	7	155029
Guangshui	31.620	114.000	7	154771
Middelburg	-25.760	29.470	7	154706
Gandajika	-6.740	23.960	7	154425
Pathum Thani	14.017	100.533	7	154412
Kovrov	56.360	41.330	7	154224
Tottori	35.500	134.233	7	154098
Lemosos	34.675	33.033	7	154000
Moanda	-5.923	12.355	7	153915
Niagara Falls	43.095	-79.037	7	153134
Chincha Alta	-13.420	-76.140	7	153076
Faizabad	26.750	82.170	7	153047
Dingzhou	38.500	115.000	7	152934
Rondonópolis	-16.470	-54.640	7	152912
Ilam	33.630	46.430	7	152894
Uşak	38.680	29.420	7	152862
Zabīd	14.195	43.316	7	152504
Silchar	24.790	92.790	7	152393
Wenshan	23.372	104.250	7	152388
Mudon	16.262	97.721	7	152300
Kerch	45.369	36.488	7	152195
Samalut	28.300	30.710	7	152097
El Manaqil	14.250	32.980	7	151827
Abbotsford	49.050	-122.300	7	151683
Fayetteville	36.063	-94.157	7	151671
Bintulu	3.166	113.036	7	151617
Dundee	56.470	-3.000	7	151592
Nazareth	32.704	35.296	7	151459
Maragheh	37.420	46.220	7	151385
Bălți	47.759	27.905	7	151355
Kitale	1.030	34.990	7	150495
Edinburg	26.303	-98.160	7	150000
Coral Gables	25.715	-80.291	7	150000
Tororo	0.710	34.170	7	150000
Keren	15.781	38.454	7	150000
Miaoli	24.570	120.820	7	150000
Khiwa	41.391	60.356	7	149751
Tirgu Mures	46.558	24.558	7	149433
Schenectady	42.815	-73.940	7	149255
Perugia	43.110	12.390	7	149125
Palangkaraya	-2.210	113.910	7	148289
Yala	6.550	101.285	7	148140
Diourbel	14.660	-16.240	7	148024
Trang	7.563	99.608	7	147820
Médéa	36.270	2.770	7	147707
Man	7.400	-7.550	7	146974
Wamba	2.140	27.990	7	146871
Willemstad	12.112	-68.872	7	146813
Gharyan	32.170	13.020	7	146810
Ibarra	0.360	-78.130	7	146741
Matanzas	23.042	-81.577	7	146733
Brugge	51.220	3.230	7	146469
Dawei	14.098	98.195	7	146212
Ayutthaya	14.359	100.568	7	145615
Quchan	37.112	58.501	7	145531
Pointe-à-Pitre	16.241	-61.533	7	145511
Concordia	-31.390	-58.030	7	145210
Machakos	-1.510	37.260	7	144925
Brest	48.390	-4.495	7	144899
Kolar	13.134	78.133	7	144625
Pasadena	34.160	-118.139	7	144618
Qairouan	35.680	10.100	7	144522
Le Mans	48.004	0.203	7	144515
Tall Afar	36.376	42.450	7	144465
Kumba	4.640	9.440	7	144413
Jinchang	38.496	102.174	7	144363
Tuzla	44.550	18.680	7	144334
Huelva	37.250	-6.930	7	144174
Urbana	40.110	-88.204	7	144074
Belleville	38.525	-90.000	7	143900
Otaru	43.189	140.978	7	143792
Ipswich	52.070	1.170	7	143767
Logroño	42.470	-2.430	7	143698
Stara Zagora	42.423	25.623	7	143431
Kenema	7.880	-11.190	7	143137
Amiens	49.900	2.300	7	143086
Cape Coast	5.110	-1.250	7	143015
Asheville	35.601	-82.554	7	142755
Massawa	15.610	39.450	7	142564
Durrës	41.318	19.448	7	142432
Nawabganj	24.580	88.350	7	142361
Saïda	34.840	0.140	7	142213
Jieshou	33.250	115.350	7	141993
Chongju	39.681	125.216	7	141769
Nongan	44.430	125.170	7	141482
Ocala	29.187	-82.140	7	141382
Ghazni	33.563	68.418	7	141000
Almetyevsk	54.900	52.320	7	140437
Peterborough	52.567	-0.248	7	140141
Badajoz	38.880	-6.970	7	140133
Binghamton	42.099	-75.918	7	139895
Bizerte	37.290	9.855	7	139843
Piedras Negras	28.708	-100.532	7	139619
Göttingen	51.520	9.920	7	139419
Kumbakonam	10.951	79.388	7	139264
Chinandega	12.630	-87.130	7	139023
Tiruvannamalai	12.260	79.100	7	138243
Killeen	31.117	-97.727	7	137919
Pabna	24.000	89.250	7	137888
Bremerhaven	53.550	8.580	7	137751
Tan An	10.534	106.417	7	137498
Castanhal	-1.290	-47.930	7	137406
Baia Mare	47.659	23.579	7	136553
Győr	47.700	17.630	7	136081
Serpukhov	54.930	37.430	7	135584
Cẩm Phả	21.040	107.320	7	135477
Lira	2.260	32.890	7	135445
Orsha	54.515	30.422	7	135206
Souk Ahras	36.290	7.950	7	134947
Zakho	37.145	42.687	7	134863
Ravenna	44.420	12.220	7	134631
Yunxian	32.808	110.814	7	133558
Birganj	27.000	84.867	7	133238
Riohacha	11.540	-72.910	7	133186
Musoma	-1.490	33.800	7	133156
Fredericksburg	38.304	-77.461	7	133134
Clarksville	36.530	-87.359	7	132536
Cape Coral	26.603	-81.980	7	132489
Caldwell	43.661	-116.671	7	132476
Blitar	-8.070	112.150	7	132416
Dimitrovgrad	54.250	49.560	7	132226
Racine	42.728	-87.812	7	131654
Murom	55.570	42.040	7	131287
Ciénaga	11.010	-74.250	7	131171
Ferrara	44.850	11.610	7	130992
Pinsk	52.128	26.094	7	130777
Shuangcheng	45.350	126.280	7	130710
Abohar	30.126	74.182	7	130603
Ninh Bình	20.254	105.975	7	130517
Nikopol	47.567	34.406	7	130500
Florencia	1.610	-75.620	7	130337
Erzincan	39.753	39.493	7	129407
Andong	36.566	128.725	7	129319
Batticaloa	7.717	81.700	7	129222
Bloomington	40.485	-88.994	7	128979
Larissa	39.630	22.420	7	128758
Kamyshin	50.080	45.400	7	128626
Cambridge	52.200	0.117	7	128488
Girga	26.330	31.880	7	128250
Manzanillo	20.344	-77.117	7	128188
Tukuyu	-9.250	33.640	7	127570
Port Blair	11.667	92.736	7	127562
Alipur Duar	26.484	89.567	7	127342
Alexandria	38.804	-77.055	7	127273
Lafia	8.490	8.520	7	127236
Sancti Spíritus	21.930	-79.442	7	127069
Pakokku	21.332	95.087	7	126938
Bremerton	47.574	-122.642	7	126820
Neftekamsk	56.084	54.263	7	126805
Gafsa	34.420	8.780	7	126803
Edirne	41.670	26.570	7	126470
Tarragona	41.120	1.250	7	126291
Gashua	12.870	11.040	7	125817
Leeuwarden	53.250	5.783	7	125778
Kumbo	6.220	10.680	7	125486
Semnan	35.555	53.374	7	124826
Zlín	49.230	17.650	7	124610
Fasa	28.972	53.671	7	124458
Lysychansk	48.920	38.427	7	124421
Mỹ Tho	10.350	106.350	7	124143
Laiwu	36.200	117.660	7	124108
Potchefstroom	-26.700	27.100	7	123669
Siracusa	37.070	15.290	7	123657
Uruguaiana	-29.770	-57.090	7	123480
Indramayu	-6.336	108.319	7	123263
Gagnoa	6.150	-5.880	7	123184
Porto Seguro	-16.430	-39.080	7	123173
Jiaohe	43.716	127.346	7	123018
Pati	-6.742	111.035	7	122785
Brits	-25.630	27.780	7	122497
Tekirdağ	40.991	27.510	7	122287
Boulder	40.008	-105.245	7	122274
Aalborg	57.034	9.917	7	122219
Visalia	36.325	-119.316	7	121968
Tuscaloosa	33.225	-87.544	7	121373
Nancha	47.136	129.286	7	121367
Olmaliq	40.850	69.595	7	121207
Karaman	37.182	33.215	7	120399
Larache	35.200	-6.160	7	120082
Huanghua	38.370	117.330	7	120000
Maxixe	-23.866	35.389	7	119868
Jaú	-22.290	-48.570	7	119206
Pleven	43.424	24.613	7	118675
Zielona Góra	51.950	15.500	7	118433
Qomsheh	32.011	51.860	7	118301
Tongren	27.680	109.130	7	118290
Bama	11.520	13.690	7	118121
Sokodé	8.990	1.150	7	117811
Jalingo	8.900	11.360	7	117757
Langsa	4.674	97.966	7	117256
Calabozo	8.930	-67.440	7	117132
Chiang Rai	19.912	99.826	7	117127
Nkongsamba	4.960	9.940	7	117063
Huanren	41.256	125.346	7	116621
Taonan	45.330	122.780	7	116611
Puno	-15.833	-70.033	7	116552
Jaén	37.770	-3.800	7	116400
Nizhyn	51.054	31.890	7	116288
Yakeshi	49.280	120.730	7	116284
Cherkessk	44.290	42.060	7	116224
Yuba City	39.141	-121.616	7	116217
Navajoa	27.082	-109.455	7	116093
Buizhou	37.380	117.984	7	115893
Murfreesboro	35.846	-86.390	7	115774
Macon	32.850	-83.630	7	115592
Las Cruces	32.313	-106.778	7	115167
Kulob	37.921	69.776	7	115164
Nabeul	36.460	10.730	7	115149
Botoșani	47.748	26.660	7	114783
Giyon	8.530	37.970	7	114534
Shashemene	7.200	38.590	7	114350
Valparai	10.320	76.970	7	114308
Maribor	46.540	15.650	7	114228
Kingston	44.234	-76.483	7	114195
Zhijiang	27.441	109.678	7	113907
Botucatu	-22.880	-48.450	7	113862
Norman	35.220	-97.442	7	113525
Kipushi	-11.760	27.250	7	113347
Kitami	43.850	143.900	7	113137
Exeter	50.700	-3.530	7	113118
St. Cloud	45.561	-94.162	7	112794
Shaowu	27.300	117.500	7	112585
Mojokerto	-7.470	112.430	7	112557
Guanajuato	21.020	-101.280	7	112200
Pueblo	38.280	-104.630	7	112195
Mazyr	52.046	29.272	7	112137
Iringa	-7.770	35.690	7	111820
Beaumont	30.086	-94.102	7	111485
Magelang	-7.470	110.180	7	111461
Jawhar	2.767	45.517	7	111308
Nsukka	6.867	7.383	7	111017
Nguru	12.880	10.450	7	111014
Balkanabat	39.512	54.365	7	110827
Santa Maria	34.940	-120.437	7	110705
Yaynangyoung	20.461	94.881	7	110553
Athens	33.961	-83.378	7	110301
Bouïra	36.380	3.900	7	110144
Linqing	36.850	115.680	7	110046
Milagro	-2.180	-79.600	7	109970
Hailun	47.450	126.930	7	109881
Kandi	11.130	2.940	7	109701
Tieli	46.950	128.050	7	109636
Ipiales	0.830	-77.650	7	109618
Szolnok	47.186	20.179	7	109261
Matagalpa	12.917	-85.917	7	109089
Tuxpam	20.960	-97.410	7	109049
Soubré	5.790	-6.610	7	108933
Kaposvár	46.367	17.800	7	108528
Rochester	44.022	-92.470	7	108511
Mascara	35.400	0.140	7	108230
Birnin Kebbi	12.450	4.200	7	108164
En Nuhud	12.690	28.420	7	108008
Trento	46.080	11.120	7	107808
Escuintla	14.300	-90.780	7	107638
Kogon	39.721	64.546	7	107566
Obninsk	55.080	36.620	7	107392
Shinyanga	-3.660	33.420	7	107362
Louangphrabang	19.885	102.142	7	107142
Ilebo	-4.320	20.610	7	107093
Pardubice	50.040	15.760	7	107064
Ratchaburi	13.542	99.822	7	106996
Taungoo	18.948	96.418	7	106945
Burco	9.520	45.540	7	106593
Coimbra	40.200	-8.417	7	106582
Longjiang	47.340	123.180	7	106384
Namur	50.470	4.870	7	106284
Derbent	42.058	48.277	7	105965
Azare	11.680	10.190	7	105687
Lahad Datu	5.046	118.336	7	105622
Kon Tum	14.384	107.983	7	105489
Fresnillo	23.170	-102.860	7	105488
Lugano	46.000	8.967	7	105388
Queenstown	-31.900	26.880	7	105309
Hoa Binh	20.814	105.338	7	105260
Yevpatoriya	45.197	33.363	7	105223
Granada‎	11.934	-85.950	7	105219
Kongolo	-5.379	26.980	7	105202
Pec	42.660	20.311	7	105163
Utica	43.101	-75.233	7	105150
Cottbus	51.770	14.330	7	105067
Koutiala	12.390	-5.470	7	104927
Prijedor	44.980	16.700	7	104858
Jena	50.930	11.580	7	104712
Gera	50.870	12.070	7	104659
Torbat-e Jam	35.223	60.613	7	104578
Nong Khai	17.873	102.748	7	104505
Brindisi	40.640	17.930	7	104437
San Antonio	-33.600	-71.610	7	104292
Maumere	-8.619	122.212	7	104285
Adigrat	14.280	39.470	7	104021
Abengourou	6.730	-3.490	7	104020
Loubomo	-4.180	12.670	7	103894
Kilinochchi	9.400	80.400	7	103717
Biak	-1.161	136.048	7	103610
Gardiz	33.600	69.215	7	103601
Perabumulih	-3.443	104.231	7	103470
Matruh	31.350	27.230	7	103470
Pedro Juan Caballero	-22.545	-55.760	7	102787
Pakxe	15.122	105.818	7	102775
Grudziądz	53.480	18.750	7	102443
Bethal	-26.470	29.450	7	101919
Council Bluffs	41.262	-95.861	7	101805
Monroe	32.510	-92.119	7	101724
Teluk Intan	4.012	101.031	7	101659
Ibri	23.225	56.517	7	101640
Dera Ismail Khan	31.829	70.899	7	101616
Sarapul	56.479	53.799	7	101344
Muskegon	43.235	-86.248	7	101177
Kilchu	40.960	129.320	7	101165
Duitama	5.830	-73.020	7	101156
Glazov	58.123	52.629	7	100676
Ancona	43.600	13.500	7	100507
Bukoba	-1.320	31.800	7	100504
Kpalimé	6.900	0.630	7	100479
Bloomington	39.166	-86.526	7	100310
Lida	53.888	25.285	7	100216
Isna	25.290	32.550	7	100000
Tsuruoka	38.700	139.830	7	99820
Chanthaburi	12.613	102.098	7	99819
Bellingham	48.760	-122.487	7	99662
Choluteca	13.301	-87.191	7	99429
Thika	-1.040	37.090	7	99322
Fengzhen	40.455	113.144	7	99174
Kwekwe	-18.930	29.800	7	99149
Tuapse	44.115	39.064	7	99145
Kericho	-0.360	35.280	7	98852
Kontagora	10.400	5.470	7	98754
Votkinsk	57.030	53.990	7	98633
Örebro	59.280	15.220	7	98573
Midland	32.031	-102.097	7	98501
Waterloo	42.493	-92.343	7	98347
Jyväskylä	62.260	25.750	7	98136
Balashov	51.554	43.163	7	98107
Flensburg	54.784	9.433	7	97930
Zheleznogorsk	52.355	35.404	7	97900
Ubá	-21.120	-42.950	7	97828
Ozamis	8.146	123.844	7	97806
Mangochi	-14.460	35.270	7	97711
Bafra	41.568	35.907	7	97452
San Carlos del Zulia	9.010	-71.920	7	97288
Shangzhi	45.220	127.970	7	96980
Guasave	25.570	-108.470	7	96860
Shostka	51.873	33.480	7	96825
Bunia	1.560	30.240	7	96764
Bolu	40.736	31.606	7	96629
Mtwara	-10.270	40.190	7	96602
Kelo	9.317	15.800	7	96224
Merced	37.303	-120.482	7	96091
Redding	40.587	-122.391	7	96058
Aurangabad	24.770	84.380	7	95929
Sungaipenuh	-2.063	101.396	7	95913
Bolzano	46.500	11.360	7	95895
Kuznetsk	53.120	46.600	7	95574
Boli	45.756	130.576	7	95260
Catanzaro	38.900	16.600	7	95251
Osijek	45.550	18.680	7	95077
Al Aqabah	29.527	35.078	7	95048
Biu	10.620	12.190	7	95005
Latacunga	-0.930	-78.610	7	94972
Dobrich	43.585	27.840	7	94831
Naxcivan	39.209	45.412	7	94788
Nowra	-34.883	150.600	7	94781
Prešov	49.000	21.239	7	94718
Rock Hill	34.940	-81.030	7	94564
Bento Gonçalves	-29.169	-51.520	7	94271
Al Fujayrah	25.123	56.337	7	94163
Lagos de Moreno	21.370	-101.930	7	94127
Yishui	35.790	118.620	7	94115
Fort Smith	35.386	-94.398	7	93988
Samandagi	36.117	35.933	7	93638
Bath	51.384	-2.350	7	93238
Bafang	5.170	10.180	7	93145
Ho	6.600	0.470	7	93044
Wukari	7.870	9.780	7	92933
Rosenheim	47.850	12.133	7	92809
Quibdó	5.690	-76.660	7	92780
Sampit	-2.533	112.950	7	92710
Foumban	5.730	10.900	7	92673
Patos	-7.020	-37.290	7	92575
Greenville	35.613	-77.367	7	92565
Fuan	27.070	119.620	7	92470
Maizuru	35.450	135.333	7	92465
Santiago de Compostela	42.883	-8.541	7	92430
Calais	50.950	1.833	7	92201
Ciudad Guzman	19.710	-103.460	7	92161
Ereğli	37.506	34.052	7	92117
Kohima	25.667	94.117	7	92113
Kuopio	62.894	27.695	7	91900
Kilosa	-6.840	36.990	7	91889
Cabinda	-5.560	12.190	7	91791
Lawton	34.599	-98.410	7	91752
Arezzo	43.462	11.875	7	91589
Grahamstown	-33.300	26.520	7	91548
Novoaltaysk	53.399	83.959	7	91386
Tecoman	18.920	-103.880	7	91321
Helsingborg	56.041	12.723	7	91304
Kendu Bay	-0.360	34.640	7	91248
Pingdu	36.790	119.940	7	91077
Sioux City	42.500	-96.400	7	90932
Chauk	20.908	94.823	7	90870
Cuauhtémoc	28.426	-106.870	7	90835
Drammen	59.738	10.199	7	90722
Klagenfurt	46.620	14.310	7	90610
Phetchaburi	13.113	99.941	7	90497
Gatchina	59.571	30.133	7	90486
Reconquista	-29.140	-59.650	7	90184
Barahona	18.200	-71.100	7	90128
Yegoryevsk	55.385	39.029	7	89795
Hickory	35.733	-81.341	7	89462
Fujin	47.270	132.020	7	89442
Hosaina	7.550	37.850	7	89300
Tambacounda	13.780	-13.680	7	89212
Sumbawanga	-7.960	31.620	7	89161
Shwebo	22.578	95.693	7	88914
Zárate	-34.090	-59.040	7	88781
Albany	31.579	-84.156	7	88766
Wangqing	43.325	129.734	7	88732
Norrköping	58.595	16.179	7	88639
Montero	-17.350	-63.260	7	88616
Zhob	31.349	69.439	7	88356
San Angelo	31.464	-100.437	7	88256
State College	40.794	-77.860	7	87926
Saint John	45.267	-66.077	7	87857
Ağrı	39.720	43.051	7	87854
Surigao	9.784	125.489	7	87832
Yeysk	46.699	38.263	7	87814
Çanakkale	40.146	26.406	7	87791
Buzuluk	52.782	52.262	7	87714
Makeni	8.880	-12.050	7	87679
Pergamino	-33.900	-60.570	7	87652
Žilina	49.220	18.749	7	87625
Gitarama	-2.070	29.760	7	87613
Koidu	8.440	-10.850	7	87539
Assis	-22.660	-50.420	7	87471
Changting	25.867	116.317	7	87458
Koudougou	12.250	-2.370	7	87347
Mishan	45.550	131.880	7	87257
Ed Dueim	13.990	32.300	7	87068
Ruhengeri	-1.500	29.630	7	86685
Bitola	41.039	21.340	7	86528
Ioanina	39.668	20.851	7	86304
Panshi	42.943	126.056	7	86216
Lorca	37.689	-1.699	7	86119
Agua Prieta	31.322	-109.563	7	86083
Vero Beach	27.642	-80.391	7	86039
Potiskum	11.710	11.080	7	86002
Huehuetenango	15.320	-91.470	7	85992
Chipata	-13.630	32.640	7	85963
Keffi	8.849	7.874	7	85911
Helong	42.535	129.004	7	85756
Behbehan	30.582	50.261	7	85707
Chumphon	10.513	99.187	7	85686
Muncie	40.194	-85.386	7	85449
Sokcho	38.209	128.591	7	85430
Versailles	48.800	2.133	7	85416
Huntington	38.420	-82.445	7	85396
Ballarat	-37.560	143.840	7	85109
Louga	15.610	-16.250	7	85075
Junín	-34.585	-60.959	7	85007
Lorient	47.750	-3.367	7	84952
Nanaimo	49.146	-123.934	7	84905
Sumenep	-7.005	113.850	7	84656
Guider	9.930	13.940	7	84647
Linjiang	41.836	126.936	7	84315
Alton	38.891	-90.184	7	84276
Yurga	55.726	84.885	7	84220
Porto Santana	-0.040	-51.180	7	83927
Mbarara	-0.600	30.650	7	83700
Bethlehem	-28.220	28.300	7	83654
Londonderry/Derry	55.000	-7.333	7	83652
Gisenyi	-1.685	29.263	7	83623
Ocaña	8.240	-73.350	7	83511
Ouidah	6.360	2.090	7	83503
Victorville	34.537	-117.290	7	83496
Reșița	45.297	21.887	7	83324
Codó	-4.480	-43.880	7	83288
Kampong Cham	12.000	105.450	7	83233
Izmayil	45.350	28.837	7	83194
Amasya	40.654	35.833	7	82896
Araxá	-19.580	-46.950	7	82595
Muş	38.749	41.497	7	82536
Nan	18.787	100.771	7	82483
Bagamoyo	-6.440	38.890	7	82426
Chukai	4.233	103.448	7	82425
Nangong	37.370	115.370	7	82386
Gießen	50.584	8.650	7	82358
Troitsk	54.106	61.570	7	82338
Kilis	36.720	37.120	7	82301
Asela	7.950	39.140	7	82240
Bolgatanga	10.790	-0.850	7	82177
Gulfport	30.368	-89.093	7	82165
Abomey	7.190	1.990	7	82154
Chililabombwe	-12.370	27.820	7	82068
Qasserine	35.180	8.830	7	81987
Agboville	5.940	-4.280	7	81770
Kaspiysk	42.875	47.624	7	81752
Luján	-34.570	-59.110	7	81749
Watampone	-4.533	120.333	7	81629
Lavras	-21.250	-45.010	7	81472
Béziers	43.350	3.210	7	81438
Formosa	-15.539	-47.340	7	81232
Salina Cruz	16.167	-95.200	7	81063
Natitingou	10.320	1.390	7	80892
Abu Kamal	34.450	40.919	7	80808
Uvinza	-5.120	30.390	7	80350
Kilifi	-3.610	39.850	7	80339
Mbalmayo	3.520	11.500	7	80206
Musan	42.230	129.230	7	80146
Meiganga	6.520	14.290	7	80100
Al Karak	31.185	35.705	7	80062
Koktokay	46.991	89.530	7	80000
Capenda-Camulemba	-9.420	18.430	7	80000
Prachin Buri	14.057	101.377	7	79757
Khaskovo	41.944	25.563	7	79699
Itumbiara	-18.400	-49.210	7	79582
Beni Mazar	28.490	30.810	7	79553
Ouahigouya	13.570	-2.420	7	79504
Shadrinsk	56.084	63.633	7	79479
Kupyansk	49.722	37.598	7	78870
Shulan	44.409	126.949	7	78764
Dondo	-19.620	34.730	7	78648
Pingyi	35.510	117.620	7	78254
Zahlé	33.850	35.904	7	78145
Wa	10.060	-2.500	7	78107
St. Joseph	39.769	-94.846	7	78012
Decatur	39.841	-88.955	7	77868
Marsala	37.805	12.439	7	77784
Numan	9.460	12.040	7	77617
Kars	40.608	43.097	7	77486
Söke	37.751	27.410	7	77341
Jacksonville	34.754	-77.431	7	77288
Ende	-8.862	121.649	7	77205
Jiexiu	37.040	111.900	7	77178
São Mateus	-18.730	-39.860	7	77117
Butare	-2.590	29.730	7	77000
Thakhek	17.411	104.836	7	76928
Sarqan	45.420	79.915	7	76919
Karur	10.950	78.083	7	76915
Uttaradit	17.632	100.097	7	76630
Atlantic City	39.365	-74.423	7	76573
Jataí	-17.880	-51.750	7	76547
St. Augustine	29.895	-81.315	7	76331
Masvingo	-20.060	30.820	7	76311
Babahoyo	-1.800	-79.540	7	76279
Tuban	-6.900	112.050	7	76242
Sakhon Nakhon	17.168	104.148	7	76237
Tailai	46.390	123.410	7	75992
Buynaksk	42.833	47.113	7	75800
Galway	53.272	-9.049	7	75594
Campo Murao	-24.050	-52.420	7	75401
Kompong Chhnang	12.250	104.667	7	75244
Agrinio	38.622	21.408	7	75233
Idah	7.110	6.740	7	75087
Toledo	39.867	-4.017	7	74632
Shanxian	34.790	116.080	7	74459
Texarkana	33.442	-94.037	7	74414
Karlstad	59.367	13.500	7	74141
Standerton	-26.940	29.240	7	74021
Grand Bassam	5.200	-3.750	7	73772
Joplin	37.085	-94.513	7	73763
Bawku	11.060	-0.240	7	73594
Onitsha	6.140	6.780	7	73374
Mpanda	-6.360	31.050	7	73338
Cuamba	-14.790	36.540	7	73268
Călărași	44.206	27.326	7	73224
Nekemte	9.090	36.530	7	73018
Korosten	50.950	28.650	7	72984
Dabou	5.320	-4.390	7	72913
Guadalajara	40.634	-3.167	7	72850
Quảng Trị	16.750	107.200	7	72722
Oshkosh	44.025	-88.543	7	72698
Tamazunchale	21.270	-98.780	7	72685
Lanxi	46.266	126.276	7	72528
Logan	41.736	-111.834	7	72490
Keshan	48.026	125.866	7	72403
Bourges	47.084	2.400	7	72340
Venado Tuerto	-33.750	-61.970	7	72340
Montepuez	-13.120	39.000	7	72279
As Suwayda	32.700	36.567	7	72248
Esbjerg	55.467	8.450	7	72205
Chusovoy	58.293	57.813	7	72113
Chalkida	38.464	23.612	7	71842
Andkhvoy	36.932	65.101	7	71730
Porto União	-26.240	-51.080	7	71578
Goiana	-7.560	-35.000	7	71549
Mardin	37.312	40.743	7	71373
Kovel	51.217	24.717	7	71301
Sotik	-0.680	35.120	7	71285
Zadar	44.120	15.262	7	71258
Ijuí	-28.390	-53.920	7	71202
Salima	-13.783	34.433	7	71181
Mamou	10.380	-12.100	7	71153
Comayagua	14.460	-87.650	7	71142
Bowling Green	36.991	-86.444	7	71140
Muyinga	-2.852	30.317	7	71076
Altamira	-3.200	-52.210	7	70888
Saraburi	14.530	100.880	7	70769
Paracatu	-17.200	-46.870	7	70753
Şirvan	39.932	48.920	7	70684
Lethbridge	49.700	-112.833	7	70617
Mindelo	16.884	-25.000	7	70611
Byumba	-1.580	30.060	7	70593
Scarborough	54.280	-0.430	7	70571
Volsk	52.035	47.374	7	70500
Châu Đốc	10.700	105.117	7	70239
Belogorsk	50.919	128.464	7	70203
Rongzhag	30.950	101.917	7	70000
Lobatse	-25.220	25.680	7	69804
Ouezzane	34.810	-5.570	7	69658
Paragominas	-2.960	-47.490	7	69613
Kankakee	41.120	-87.861	7	69608
Johnstown	40.327	-78.922	7	69286
Bafia	4.750	11.230	7	69270
Kolda	12.910	-14.950	7	69267
Arauca	7.091	-70.762	7	69264
Ongjin	37.937	125.357	7	69195
Ayr	55.450	-4.617	7	69042
Mocuba	-16.850	38.260	7	68984
Liuhe	42.279	125.717	7	68938
Wum	6.400	10.070	7	68836
Chulucanas	-5.090	-80.170	7	68835
Tuymazy	54.605	53.694	7	68829
Oranjestad	12.522	-70.026	7	68775
Saywun	15.943	48.787	7	68747
Gävle	60.667	17.167	7	68635
L'Aquila	42.350	13.390	7	68503
Lima	40.743	-84.105	7	68364
Matara	5.949	80.543	7	68244
Lodja	-3.532	23.591	7	68244
Oturkpo	7.190	8.130	7	68220
Narathiwat	6.432	101.821	7	68112
Artemisa	22.813	-82.762	7	68073
Pontiac	42.652	-83.290	7	67994
Garissa	-0.440	39.670	7	67861
Minxian	34.436	104.031	7	67826
Owensboro	37.775	-87.113	7	67825
Ishim	56.150	69.450	7	67762
Matehuala	23.660	-100.650	7	67717
Boorama	9.940	43.180	7	67664
Soyo	-6.130	12.370	7	67491
El Bayadh	33.690	1.010	7	67413
Dimbokro	6.650	-4.710	7	67349
Tzaneen	-23.820	30.170	7	67245
Jelgava	56.653	23.713	7	67207
Lao Chi	22.501	103.966	7	67206
Mbaïki	3.870	18.000	7	67132
Narva	59.378	28.160	7	66980
Kati	12.750	-8.080	7	66895
Kissidougou	9.190	-10.120	7	66815
Nalut	31.880	10.970	7	66609
Kungur	57.435	56.954	7	66389
Klintsy	52.765	32.245	7	66336
Huinan	42.623	126.261	7	66315
Lahij	13.058	44.884	7	66288
Pyongsan	38.337	126.387	7	66260
Longview	46.139	-122.937	7	66231
Morón	22.110	-78.627	7	66060
Chabahar	25.300	60.630	7	65801
Polevskoy	56.443	60.188	7	65770
Phyarpon	16.293	95.683	7	65601
Quiemo	38.134	85.533	7	65572
Bani Walid	31.770	13.990	7	65392
San Luis Obispo	35.283	-120.659	7	65386
Masaka	-0.330	31.730	7	65373
Kumertau	52.775	55.784	7	65321
Birni Nkonni	13.790	5.260	7	65252
Debre Birhan	9.680	39.530	7	65231
Borås	57.718	12.939	7	65008
Solwezi	-12.180	26.400	7	65000
Saki	41.192	47.171	7	64968
Tan Tan	28.430	-11.100	7	64868
Gurupi	-11.720	-49.060	7	64789
Rafha	29.620	43.495	7	64755
Feyzabad	37.130	70.579	7	64704
Mazatenango	14.530	-91.510	7	64652
Binga	2.383	20.420	7	64639
Houma	29.596	-90.719	7	64592
Nepalganj	28.050	81.617	7	64400
Tikhoretsk	45.853	40.138	7	64387
Curvelo	-18.760	-44.430	7	63954
Colón	22.720	-80.906	7	63882
Kanchanaburi	14.017	99.522	7	63699
Zarafshon	41.582	64.202	7	63543
Kakamega	0.290	34.730	7	63426
Sefra	32.760	-0.580	7	63420
Cahul	45.908	28.194	7	63407
Valença	-13.360	-39.080	7	63231
Jackson	35.615	-88.814	7	63196
Knysna	-34.033	23.033	7	63106
Bossangoa	6.484	17.450	7	63064
Belize City	17.499	-88.188	7	63028
Coffs Harbour	-30.307	153.112	7	62978
Machiques	10.070	-72.550	7	62968
Itapeva	-23.980	-48.880	7	62957
Guamúchil	25.470	-108.090	7	62695
Nkawkaw	6.550	-0.780	7	62667
Belebey	54.129	54.119	7	62582
Surin	14.887	103.491	7	62536
Dubuque	42.501	-90.664	7	62483
Singida	-4.820	34.740	7	62432
Elmira	42.090	-76.808	7	62376
Chistopol	55.365	50.641	7	62200
Tikhvin	59.645	33.514	7	62075
Sagua la Grande	22.809	-80.071	7	62073
Ferkessédougou	9.600	-5.200	7	62008
Conway	35.091	-92.451	7	61995
Labinsk	44.635	40.744	7	61945
Fernandópolis	-20.270	-50.260	7	61931
Benevento	41.134	14.750	7	61791
Dothan	31.223	-85.391	7	61741
Chinhoyi	-17.360	30.180	7	61739
Troyes	48.340	4.083	7	61703
Vyska	55.325	42.164	7	61664
Pula	44.869	13.848	7	61599
Sibay	52.709	58.639	7	61590
Anderson	34.504	-82.650	7	61558
Fengcheng	28.200	115.770	7	61469
Stralsund	54.300	13.100	7	61368
Civitavecchia	42.100	11.800	7	61316
Portimão	37.134	-8.533	7	61226
Valdosta	30.833	-83.279	7	61179
Temple	31.102	-97.363	7	61161
Kokomo	40.487	-86.134	7	61121
Salsk	46.478	41.542	7	61000
Cherbourg	49.650	-1.650	7	60991
El Carmen de Bolívar	9.720	-75.130	7	60980
Rason	42.338	130.403	7	60864
Tidore	0.696	127.436	7	60611
Lokoja	7.800	6.740	7	60579
Langzhong	31.576	105.966	7	60542
Banfora	10.630	-4.760	7	60288
Mbanza-Congo	-6.270	14.240	7	60182
Lankaran	38.754	48.851	7	60180
Nkhotakota	-12.916	34.300	7	59854
São Borja	-28.660	-56.010	7	59613
Växjö	56.884	14.817	7	59600
Béja	36.730	9.190	7	59567
Dengzhou	32.680	112.080	7	59338
Santa Rosa	-27.870	-54.460	7	59281
Lappeenranta	61.067	28.183	7	59276
Gannan	47.920	123.510	7	59239
Manacapuru	-3.290	-60.620	7	59102
Corvallis	44.572	-123.280	7	59030
Kabinda	-6.130	24.480	7	59004
Mikhaylovka	50.068	43.217	7	58898
Solnechnogorsk	56.181	36.981	7	58891
Guanambi	-14.230	-42.790	7	58877
Hattiesburg	31.327	-89.290	7	58874
Tezpur	26.634	92.800	7	58851
Morgantown	39.630	-79.956	7	58808
Embu	-0.520	37.450	7	58620
Jonesboro	35.843	-90.704	7	58619
Aketi	2.740	23.780	7	58601
San Pedro	-24.220	-64.870	7	58430
Chaiyaphum	15.804	102.039	7	58350
Bondoukou	8.030	-2.800	7	58297
Agen	44.200	0.633	7	58223
Kogalym	62.045	74.494	7	58192
Ariquemes	-9.940	-63.080	7	58096
Allanmyo	19.378	95.228	7	57897
Borovichi	58.398	33.897	7	57887
Lop Buri	14.804	100.619	7	57761
Qunghirot	43.070	58.900	7	57758
Linares	24.860	-99.570	7	57731
Tiznit	29.710	-9.740	7	57705
Lewiston	44.101	-70.215	7	57688
Timbaúba	-7.500	-35.320	7	57534
Stepanakert	39.816	46.752	7	57473
Florence	34.196	-79.763	7	57438
Caborca	30.716	-112.164	7	57357
Ames	42.019	-93.623	7	57104
Puntarenas	9.970	-84.834	7	57102
General Pico	-35.660	-63.770	7	57029
Roslavl	53.951	32.860	7	56971
Rodos	36.441	28.223	7	56969
Port Arthur	29.899	-93.929	7	56945
Kitgum	3.300	32.870	7	56891
Los Andes	-32.830	-70.600	7	56859
Serrinha	-11.650	-39.010	7	56829
Jijiga	9.350	42.790	7	56821
Vacaria	-28.500	-50.940	7	56765
Ridder	50.355	83.515	7	56756
Garzón	2.210	-75.650	7	56603
Tikrit	34.597	43.677	7	56591
Janaúba	-15.800	-43.310	7	56572
Kaga Bandoro	6.980	19.180	7	56520
Alxa Zuoqi	38.839	105.669	7	56387
Zouirat	22.730	-12.483	7	56345
Hof	50.317	11.917	7	56153
Nizhnyaya Tura	58.644	59.798	7	56084
Bungoma	0.570	34.560	7	55962
Tulare	36.207	-119.344	7	55908
Lautoka	-17.616	177.467	7	55894
Seres	41.086	23.550	7	55886
Itapipoca	-3.500	-39.580	7	55784
Ełk	53.834	22.350	7	55769
Umm Ruwaba	12.910	31.200	7	55742
Halmstad	56.672	12.856	7	55657
Estância	-11.270	-37.450	7	55654
Sayanogorsk	53.089	91.400	7	55642
Gelendzhik	44.575	38.064	7	55508
Vyazma	55.212	34.292	7	55500
Melo	-32.359	-54.180	7	55494
Brive	45.150	1.533	7	55448
Xinqing	48.236	129.506	7	55415
Wagga Wagga	-35.122	147.340	7	55381
Nakhon Phanom	17.394	104.769	7	55377
Kribi	2.940	9.910	7	55224
Tadmur	34.550	38.283	7	55111
Abancay	-13.640	-72.890	7	55111
Caicó	-6.460	-37.100	7	54934
Nuevo Casas Grandes	30.418	-107.912	7	54826
Ningan	44.331	129.466	7	54636
El Banco	9.000	-73.980	7	54522
Ajaccio	41.927	8.728	7	54364
Fond du Lac	43.773	-88.447	7	54299
Nuevitas	21.546	-77.264	7	54022
Chiquinquirá	5.620	-73.820	7	53975
Winchester	39.179	-78.167	7	53941
Azul	-36.780	-59.870	7	53941
Jihlava	49.400	15.583	7	53921
Bijar	35.874	47.594	7	53871
Markala	13.670	-6.070	7	53738
Bắc Giang	21.267	106.200	7	53728
San Pedro de las Colonias	25.759	-102.983	7	53688
Upata	8.020	-62.410	7	53685
Charikar	35.018	69.168	7	53676
Pamplona	7.390	-72.660	7	53587
Río Tercero	-32.180	-64.120	7	53389
Katerini	40.272	22.502	7	53293
Eagle Pass	28.711	-100.489	7	53276
Pine Bluff	34.229	-92.003	7	53217
Taxco	18.570	-99.620	7	53217
Tingo María	-9.290	-75.990	7	53177
Camaquã	-30.840	-51.810	7	53169
Turnovo	43.086	25.656	7	53115
Banes	20.963	-75.719	7	53104
Arrecife	28.969	-13.538	7	52944
Crateús	-5.166	-40.666	7	52933
Livny	52.425	37.604	7	52915
Mandera	3.940	41.860	7	52885
Port Shepstone	-30.720	30.460	7	52793
Lorica	9.242	-75.816	7	52771
Krasnokamsk	58.075	55.744	7	52689
Siena	43.317	11.350	7	52625
Mongu	-15.280	23.120	7	52534
New Plymouth	-39.056	174.075	7	52500
Thongwa	16.755	96.519	7	52496
Jaén	-5.710	-78.810	7	52493
Wheeling	40.064	-80.721	7	52492
Pursat	12.534	103.917	7	52476
Andradina	-20.910	-51.380	7	52406
Barra do Garças	-15.880	-52.260	7	52398
Titusville	28.612	-80.808	7	52311
Basankusu	1.234	19.800	7	52216
Wailuku	20.891	-156.505	7	52148
Kimry	56.869	37.344	7	52070
Gwadar	25.139	62.329	7	51901
Tucupita	9.060	-62.060	7	51534
Albany	44.620	-123.087	7	51376
Jacundá	-4.439	-49.116	7	51375
Séguéla	7.950	-6.670	7	51157
Kyustendil	42.284	22.691	7	51067
Kyshtym	55.700	60.560	7	50911
Sumter	33.921	-80.342	7	50868
Ye	15.253	97.868	7	50798
Mweka	-4.840	21.570	7	50675
Xanthi	41.142	24.884	7	50570
Passau	48.575	13.441	7	50560
Turbo	8.100	-76.740	7	50508
Gbadolite	4.290	21.020	7	50493
Hua Hin	12.570	99.944	7	50456
Sawahlunto	-0.666	100.783	7	50354
Trujillo	9.380	-70.440	7	50353
Sisophon	13.584	102.983	7	50302
Ad Nabk	34.017	36.733	7	50178
Siguiri	11.417	-9.167	7	50159
Otradnyy	53.378	51.347	7	50127
Kampot	10.617	104.183	7	50105
Gogrial	8.534	28.117	7	50065
Korogwe	-5.090	38.540	7	50000
Bairin Zuoqi	43.984	119.183	7	50000
Kahemba	-7.283	19.000	7	50000
Chake Chake	-5.240	39.770	7	49959
Maun	-19.990	23.420	7	49945
Kanash	55.509	47.469	7	49886
Monchegorsk	67.929	32.829	7	49868
Odienné	9.510	-7.580	7	49857
Lota	-37.090	-73.160	7	49763
Zyryanovsk	49.745	84.255	7	49658
Berber	18.017	33.983	7	49556
Ifakara	-8.130	36.680	7	49528
Morshansk	53.455	41.804	7	49350
Mercedes	-33.690	-65.470	7	49345
Libertador General San Martín	-23.820	-64.790	7	49267
Timimoun	29.237	0.270	7	49237
Fengjie	31.050	109.517	7	49168
Shawinigan	46.550	-72.733	7	49161
Verkhnyaya Salda	58.050	60.550	7	48992
Slobodskoy	58.718	50.188	7	48962
Barra do Corda	-5.510	-45.260	7	48901
Waingapu	-9.658	120.253	7	48828
Cornwall	45.017	-74.733	7	48821
Megion	61.061	76.095	7	48691
Namtu	23.084	97.400	7	48591
Floriano	-6.770	-43.030	7	48587
Torzhok	57.029	34.979	7	48546
Yamburg	67.922	74.925	7	48488
Valladolid	20.670	-88.200	7	48479
Senhor do Bonfim	-10.450	-40.190	7	48471
Wakema	16.613	95.183	7	48405
Bulungu	-4.550	18.600	7	48344
Rio Verde	-17.820	-50.930	7	48318
Ponte Nova	-20.410	-42.900	7	48187
Belaya Kalitva	48.187	40.786	7	48098
Salina	38.825	-97.607	7	48031
El Kef	36.183	8.715	7	47979
Goianésia	-15.310	-49.130	7	47883
Huajuapan de León	17.810	-97.790	7	47844
Luwuk	-0.940	122.790	7	47778
Ålesund	62.460	6.263	7	47772
Moyobamba	-6.050	-76.967	7	47734
Amahai	-3.328	128.940	7	47653
Itamaraju	-17.040	-39.530	7	47628
Mtsensk	53.265	36.547	7	47609
Goldsboro	35.385	-77.993	7	47602
Badulla	6.984	81.050	7	47587
Campo Belo	-20.890	-45.280	7	47491
Aksum	14.130	38.720	7	47487
Gryazi	52.495	39.934	7	47413
Ladysmith	-28.549	29.780	7	47375
Twin Falls	42.561	-114.461	7	47315
Itaberaba	-12.520	-40.300	7	47301
Buriram	15.000	103.117	7	47292
Mozhga	56.455	52.184	7	47270
Poti	42.156	41.672	7	47149
Poso	-1.390	120.760	7	47110
Quincy	39.936	-91.410	7	47108
Yishan	24.500	108.667	7	47062
Dila	6.410	38.310	7	47021
Amursk	50.223	136.897	7	46993
Sandnes	58.845	5.690	7	46911
Kanye	-24.970	25.340	7	46831
Choma	-16.809	26.970	7	46746
Zhetiqara	52.193	61.240	7	46740
Njombe	-9.330	34.770	7	46724
Safonovo	55.146	33.216	7	46637
Kita	13.050	-9.483	7	46435
Alatyr	54.850	46.600	7	46427
Berekum	7.450	-2.590	7	46287
Aiken	33.549	-81.721	7	46196
Grants Pass	42.440	-123.327	7	46189
Roswell	33.395	-104.522	7	46096
Newport	41.490	-71.313	7	45968
Santiago	8.100	-80.983	7	45955
Nevers	46.984	3.167	7	45929
Spassk Dalniy	44.600	132.820	7	45900
Danville	36.586	-79.395	7	45894
Gbarnga	7.010	-9.490	7	45835
Mae Sot	16.716	98.571	7	45781
Wajir	1.750	40.050	7	45771
Jamestown	42.097	-79.236	7	45756
Volkhov	59.929	32.339	7	45673
Yefremov	53.149	38.122	7	45497
Liberia	10.634	-85.433	7	45380
Olbia	40.914	9.515	7	45366
Rida	14.429	44.834	7	45233
Cametá	-2.240	-49.510	7	45200
Inverness	57.467	-4.233	7	45158
Walla Walla	46.065	-118.342	7	45150
El Centro	32.792	-115.558	7	45000
Shahhat	32.828	21.862	7	45000
Itanagar	27.100	93.617	7	44971
Bozeman	45.680	-111.038	7	44921
Richland	46.292	-119.291	7	44869
Piripiri	-4.270	-41.790	7	44864
Strezhevoy	60.733	77.578	7	44784
Sisaket	15.120	104.330	7	44751
Chone	-0.690	-80.090	7	44751
Beaufort West	-32.350	22.570	7	44737
Artemovskiy	57.365	61.870	7	44689
Kabale	-1.250	29.980	7	44600
Kamenna Obi	53.794	81.339	7	44564
Trollhättan	58.267	12.300	7	44543
Zvolen	48.584	19.133	7	44502
Aliwal North	-30.690	26.710	7	44436
Winneba	5.350	-0.630	7	44254
Hot Springs	34.504	-93.055	7	44182
Taree	-31.898	152.462	7	44182
Padangpanjang	-0.450	100.417	7	44096
Timashevsk	45.625	38.944	7	44024
Voznesensk	47.550	31.333	7	43996
Naivasha	-0.710	36.430	7	43983
Hagere Hiywet	8.980	37.850	7	43920
Dzhankoy	45.717	34.400	7	43879
Batouri	4.434	14.367	7	43821
Basoko	1.240	23.590	7	43709
Sambava	-14.266	50.167	7	43465
Imbituba	-28.230	-48.660	7	43450
Volksrust	-27.360	29.890	7	43378
Sovetsk	55.072	21.882	7	43309
Lufkin	31.338	-94.729	7	43264
Traverse City	44.768	-85.622	7	43189
Vichy	46.117	3.417	7	43158
Ambatondrazaka	-17.833	48.417	7	43134
Mariinsk	56.211	87.760	7	43122
Krasnoufimsk	56.599	57.759	7	43121
Macenta	8.550	-9.480	7	43102
Lubao	-5.390	25.750	7	43068
Yendi	9.434	-0.017	7	42972
Ventspils	57.390	21.561	7	42884
Arys	42.437	68.805	7	42648
Mango	10.360	0.471	7	42626
Hulin	45.769	132.992	7	42559
Dieppe	49.934	1.083	7	42461
Shu	43.595	73.745	7	42439
Mercedes	-33.260	-58.030	7	42359
Kapan	39.202	46.415	7	42288
Nandi	-17.800	177.417	7	42284
Kingman	35.190	-114.052	7	42182
Sokol	59.465	40.114	7	42174
Qapshaghay	43.884	77.069	7	42167
Salgueiro	-8.060	-39.130	7	42152
Penedo	-10.270	-36.580	7	42097
Yemanzhelinsk	54.749	61.294	7	42023
Moatize	-16.100	33.950	7	42000
Tizimín	21.130	-88.150	7	41993
Gadsden	34.015	-86.007	7	41709
Uryupinsk	50.773	42.003	7	41644
Conroe	30.312	-95.456	7	41643
Gay	51.475	58.454	7	41619
Auxerre	47.800	3.567	7	41516
Victoriaville	46.050	-71.967	7	41500
Zaraza	9.340	-65.320	7	41483
Lusambo	-4.970	23.430	7	41416
San	13.300	-4.900	7	41386
Faro	37.017	-7.933	7	41355
Paducah	37.084	-88.600	7	41317
Saurimo	-9.660	20.390	7	41316
Zelenokumsk	44.409	43.879	7	41306
Mityana	0.400	32.050	7	41131
Itá	-25.510	-57.360	7	41090
Bastia	42.703	9.450	7	41001
Salinópolis	-0.609	-47.340	7	40998
Frolovo	49.772	43.652	7	40882
Chapadinha	-3.740	-43.360	7	40804
Aquidauana	-20.470	-55.790	7	40803
Bom Jesus da Lapa	-13.250	-43.440	7	40691
Balykchy	42.456	76.185	7	40527
Sherman	33.636	-96.609	7	40284
Hon Quan	11.650	106.600	7	40279
Bozoum	6.317	16.383	7	40201
Luga	58.736	29.839	7	40114
Ali Sabih	11.156	42.713	7	40074
Altagracia de Orituco	9.850	-66.380	7	40052
Raub	3.793	101.842	7	40024
Kaya	13.090	-1.090	7	40017
Ob	54.998	82.708	7	39949
Yian	47.880	125.300	7	39924
Uray	60.140	64.755	7	39878
Alekseyevka	50.653	38.693	7	39848
Daman	20.417	72.850	7	39737
Perth	56.393	-3.436	7	39654
Bogoroditsk	53.775	38.114	7	39553
Tozeur	33.930	8.130	7	39504
Tavda	58.054	65.258	7	39480
Kirov	54.085	34.305	7	39319
Muskogee	35.748	-95.369	7	39295
Upper Hutt	-41.135	175.029	7	39200
Guiglo	6.550	-7.490	7	39134
Vichuga	57.219	41.929	7	39071
Mineiros	-17.570	-52.560	7	38951
Pinheiro	-2.520	-45.090	7	38893
Dundalk	54.000	-6.396	7	38884
Asha	54.998	57.273	7	38883
Tshela	-4.970	12.930	7	38845
Bukama	-9.210	25.840	7	38770
Guryevsk	54.298	85.938	7	38757
Phrae	18.153	100.163	7	38538
Millerovo	48.938	40.397	7	38527
Kerkira	39.615	19.915	7	38517
Sassandra	4.950	-6.083	7	38411
Kaka	37.350	59.600	7	38381
Ha Giang	22.834	104.983	7	38362
Tenkodogo	11.780	-0.370	7	38108
Greenville	33.410	-91.062	7	38107
Carnot	4.934	15.867	7	38071
Flores	16.934	-89.883	7	38035
Bullhead City	35.148	-114.567	7	37989
Remanso	-9.600	-42.110	7	37945
Kapiri Mposhi	-13.970	28.660	7	37942
Constitución	-35.330	-72.420	7	37917
Qaratau	43.185	70.460	7	37881
Beckley	37.780	-81.183	7	37836
Ciudad Camargo	27.690	-105.170	7	37743
Penticton	49.500	-119.583	7	37721
Juanjuí	-7.170	-76.740	7	37715
Phonsavan	19.452	103.196	7	37507
Bristol	36.612	-82.176	7	37443
Juticalpa	14.670	-86.230	7	37442
Kasulu	-4.580	30.100	7	37349
Villazón	-22.080	-65.600	7	37215
Mangai	-4.040	19.530	7	37188
Rayong	12.672	101.281	7	37035
Kampene	-3.600	26.670	7	37034
Dubrovnik	42.661	18.091	7	36994
Chimboy	42.931	59.771	7	36917
Moss	59.437	10.669	7	36901
Kambove	-10.870	26.600	7	36702
Kasimov	54.943	41.393	7	36663
Serdobsk	52.462	44.222	7	36652
Tunduma	-9.285	32.775	7	36556
Bermejo	-22.730	-64.350	7	36544
Drogheda	53.709	-6.350	7	36533
Voi	-3.370	38.570	7	36487
Kaniama	-7.570	24.170	7	36481
Dover	51.134	1.300	7	36384
Yirga Alem	6.750	38.410	7	36292
Vaduz	47.134	9.517	7	36281
São Francisco do Sul	-26.240	-48.600	7	36224
Yandoon	17.043	95.643	7	36172
Nanyuki	0.020	37.060	7	36142
Açu	-5.580	-36.910	7	36125
Del Rio	29.363	-100.896	7	36068
Masasi	-10.730	38.800	7	36032
Kahama	-3.820	32.580	7	36014
Blagodarnyy	45.105	43.434	7	35995
Boyarka	70.767	97.500	7	35968
Tupelo	34.258	-88.703	7	35956
Jipijapa	-1.350	-80.580	7	35901
Zvishavane	-20.330	30.050	7	35896
Yalutorovsk	56.674	66.298	7	35892
Valuyki	50.209	38.099	7	35887
Douglas	54.149	-4.480	7	35854
Victoria Falls	-17.930	25.840	7	35761
Kumo	10.046	11.213	7	35712
Kualakapuas	-2.984	114.384	7	35632
Huntsville	30.724	-95.551	7	35590
Tibati	6.467	12.633	7	35589
Rimouski	48.434	-68.517	7	35584
Oriximiná	-1.760	-55.870	7	35581
Barreiros	-8.830	-35.200	7	35565
Sharya	58.380	45.509	7	35532
Yangambi	0.770	24.430	7	35531
Moorhead	46.874	-96.742	7	35528
Honda	5.190	-74.750	7	35469
Pala	9.350	14.967	7	35466
Bougouni	11.420	-7.490	7	35450
Kundian	32.452	71.472	7	35406
Goycay	40.653	47.741	7	35348
La Barca	20.280	-102.560	7	35345
Pánuco	22.060	-98.190	7	35316
Yarumal	7.031	-75.590	7	35315
St.-Benoit	-21.034	55.713	7	35310
Vác	47.784	19.133	7	35293
Loei	17.492	101.732	7	35273
Shumerlya	55.485	46.424	7	35230
Praya	-8.722	116.292	7	35183
Luebo	-5.350	21.410	7	35183
Talas	42.518	72.243	7	35172
Kalmar	56.667	16.367	7	35024
Kamsar	10.685	-14.605	7	34973
Olgiy	48.934	89.950	7	34934
Opobo	4.570	7.560	7	34911
Aqsay	51.171	53.035	7	34799
Bezhetsk	57.765	36.690	7	34736
West Bend	43.426	-88.183	7	34530
Coeur d'Alene	47.678	-116.779	7	34514
Staraya Russa	57.995	31.354	7	34303
Babati	-4.220	35.750	7	34291
Sibut	5.734	19.083	7	34267
Businga	3.340	20.870	7	34247
Karonga	-9.933	33.933	7	34207
Slavgorod	53.005	78.670	7	34141
Coroatá	-4.130	-44.150	7	34129
Owando	-0.480	15.920	7	34070
Biharamulo	-2.630	31.310	7	34038
Puerto Berrío	6.480	-74.420	7	33983
Watertown	43.975	-75.911	7	33821
Luuq	3.800	42.550	7	33820
Rostov	57.189	39.404	7	33803
Clovis	34.405	-103.205	7	33792
Sicuani	-14.290	-71.230	7	33575
Oak Ridge	36.011	-84.270	7	33556
Shepparton	-36.375	145.391	7	33550
Cananea	30.990	-110.300	7	33433
Campbell River	50.017	-125.250	7	33430
Segezha	63.755	34.324	7	33354
Lebowakgomo	-24.200	29.500	7	33308
Atamyrat	37.825	65.200	7	33242
Tak	16.885	99.129	7	33146
Krong Koh Kong	11.618	102.985	7	33134
Kotovsk	52.595	41.504	7	33077
Tweed Heads	-28.183	153.547	7	33065
Mushie	-3.020	16.920	7	33062
Gaya	11.888	3.447	7	33051
Bur Safaga	26.734	33.933	7	32944
Cradock	-32.200	25.610	7	32898
Winona	44.050	-91.639	7	32897
Bangassou	4.734	22.817	7	32841
Omutninsk	58.659	52.159	7	32800
Aberdeen	46.975	-123.814	7	32745
Capitão Poço	-1.750	-47.090	7	32704
Harper	4.375	-7.717	7	32661
Orangeville	43.917	-80.083	7	32640
Queanbeyan	-35.355	149.211	7	32602
Maués	-3.390	-57.720	7	32561
Christiansted	17.750	-64.750	7	32543
Carbondale	37.727	-89.220	7	32444
Kudymkar	59.016	54.633	7	32423
Tenosique	17.480	-91.430	7	32415
Melton	-37.690	144.570	7	32368
Parras	25.420	-102.180	7	32253
Paranaíba	-19.680	-51.200	7	32217
Kristianstad	56.034	14.133	7	32188
Bocaiúva	-17.110	-43.810	7	32114
Boende	-0.220	20.860	7	32091
Dzaoudzi	-12.787	45.275	7	32057
Rivas	11.440	-85.820	7	31941
Petatlán	17.520	-101.270	7	31910
Pativilca	-10.700	-77.800	7	31905
Santa Rita	10.532	-71.504	7	31810
Gimbi	9.167	35.833	7	31809
Beaufort	32.432	-80.690	7	31626
Caboolture	-27.083	152.950	7	31513
Barabinsk	55.357	78.352	7	31508
Gubakha	58.869	57.589	7	31424
Sasovo	54.349	41.909	7	31325
Skellefteå	64.772	20.950	7	31311
Barra do Bugres	-15.070	-57.190	7	31311
Buurhakaba	2.784	44.083	7	31267
Marovoay	-16.100	46.633	7	31253
Tucano	-10.970	-38.790	7	31203
Tena	-0.980	-77.810	7	31126
Pingxiang	22.097	106.757	7	31109
Quesada	10.330	-84.440	7	31106
Dumfries	55.067	-3.550	7	31044
Lucapa	-8.420	20.740	7	31041
Diffa	13.317	12.609	7	30988
Mossendjo	-2.940	12.720	7	30936
Karpinsk	59.760	60.010	7	30807
Nacogdoches	31.604	-94.655	7	30691
Mednogorsk	51.419	57.579	7	30676
Palapye	-22.560	27.130	7	30650
Mercedes	-29.180	-58.080	7	30649
Ambanja	-13.683	48.450	7	30621
Banamba	13.550	-7.450	7	30591
Ticul	20.400	-89.530	7	30519
Asosa	10.067	34.533	7	30512
Roseburg	43.218	-123.356	7	30479
Huatabampo	26.830	-109.630	7	30426
Kibiti	-7.730	38.950	7	30163
Novo Horizonte	-21.460	-49.220	7	30158
Moanda	-1.565	13.200	7	30151
Svetogorsk	61.101	28.918	7	30115
Wuyuan	41.090	108.272	7	30057
Kuta	-8.715	115.184	7	30012
Bourem	16.900	-0.350	7	30000
Mavinga	-15.790	20.360	7	30000
Maydh	10.980	47.098	7	30000
Sunbury	-37.570	144.710	7	29925
Kabalo	-6.050	26.910	7	29833
Shieli	44.167	66.750	7	29832
Burlington	40.808	-91.113	7	29773
Bafatá	12.167	-14.666	7	29704
Shawnee	35.343	-96.934	7	29628
Kirovsk	67.609	33.669	7	29605
Doba	8.650	16.850	7	29597
San Marino	43.936	12.442	7	29579
Pontes e Lacerda	-15.220	-59.350	7	29381
Sosnogorsk	63.595	53.894	7	29343
Mitilini	39.110	26.555	7	29328
Tauá	-5.999	-40.310	7	29188
Svendborg	55.070	10.617	7	29180
San Fernando	24.850	-98.160	7	29171
Gillette	44.283	-105.505	7	29113
Tame	6.460	-71.740	7	29099
Emporia	38.404	-96.181	7	29048
Tocache	-8.180	-76.520	7	29029
Tripoli	37.509	22.379	7	28970
Tupiza	-21.440	-65.720	7	28766
Hobbs	32.713	-103.141	7	28738
Agordat	15.549	37.887	7	28600
Karasuk	53.727	78.022	7	28589
Kisii	-0.670	34.760	7	28547
Kartaly	53.047	60.682	7	28503
Zheleznogorsk Ilimskiy	56.576	104.123	7	28456
Pilar	-26.869	-58.300	7	28435
Kotelnich	58.304	48.314	7	28431
Acaraú	-2.890	-40.120	7	28389
Algha	49.903	57.335	7	28267
Escuinapa	22.850	-105.800	7	28248
Caxito	-8.580	13.660	7	28224
Thung Song	8.154	99.729	7	28223
Chiredzi	-21.050	31.660	7	28205
Popondetta	-8.769	148.248	7	28198
Oktyabrsk	49.473	57.445	7	28196
Nevyansk	57.490	60.215	7	28170
Aleysk	52.492	82.778	7	28019
Mouila	-1.866	11.017	7	28000
Kasangulu	-4.580	15.180	7	27961
Mocimboa	-11.320	40.350	7	27909
Cayambe	0.050	-78.160	7	27881
Bolobo	-2.160	16.240	7	27862
Ukiah	39.154	-123.211	7	27828
Mason City	43.154	-93.201	7	27802
Dembi Dolo	8.534	34.800	7	27780
Mongo	12.184	18.700	7	27763
Cedar City	37.677	-113.061	7	27738
El Tur	28.239	33.615	7	27628
Superior	46.721	-92.104	7	27580
Atkarsk	51.876	44.996	7	27554
Niquelândia	-14.470	-48.470	7	27541
Bayan Obo	41.768	109.971	7	27476
Sol-lletsk	51.160	55.000	7	27419
Al Ghaydah	16.239	52.164	7	27404
Tolú	9.536	-75.572	7	27390
Marinette	45.100	-87.630	7	27169
Sikonge	-5.630	32.770	7	27113
Asino	56.993	86.163	7	27070
Libenge	3.660	18.620	7	27053
Bunbury	-33.344	115.650	7	26998
Chancay	-11.560	-77.270	7	26958
Hios	38.368	26.136	7	26891
Bafoulabé	13.800	-10.820	7	26823
Nola	3.534	16.067	7	26809
Pugachev	52.015	48.794	7	26690
Viana	-3.210	-45.000	7	26689
Ipú	-4.320	-40.720	7	26678
Champotón	19.350	-90.720	7	26636
Marquette	46.547	-87.407	7	26591
Nzega	-4.210	33.180	7	26584
Buy	58.485	41.524	7	26486
Beitbridge	-22.210	29.990	7	26459
Illapel	-31.630	-71.170	7	26340
Ayorou	14.732	0.919	7	26290
Alenquer	-1.940	-54.790	7	26290
Mendi	-6.144	143.645	7	26252
Saint-Georges	46.117	-70.667	7	26149
Toktogul	41.883	72.937	7	26115
Tuxpan	21.930	-105.270	7	26115
Mizdah	31.434	12.983	7	26107
Aberdeen	45.465	-98.486	7	26041
Timika	-4.550	136.890	7	26021
Chachapoyas	-6.230	-77.870	7	25978
Dodge City	37.760	-100.018	7	25932
Granja	-3.120	-40.840	7	25879
Koko	11.423	4.517	7	25792
Zwedru	6.070	-8.130	7	25678
Nueva Gerona	21.884	-82.800	7	25566
Kariba	-16.530	28.800	7	25531
Scottsbluff	41.868	-103.661	7	25475
San Ignacio	-16.370	-60.960	7	25391
Ati	13.217	18.333	7	25373
Nelidovo	56.224	32.773	7	25349
Lambaréné	-0.700	10.217	7	25310
Ponca City	36.707	-97.085	7	25273
Kingsville	27.516	-97.856	7	25264
North Platte	41.136	-100.770	7	25247
Rehoboth	-23.320	17.080	7	25219
Colinas	-6.040	-44.240	7	25158
Hermanus	-34.410	19.230	7	25153
Tatarsk	55.222	75.967	7	25150
Bologoye	57.872	34.052	7	25142
Erymentau	51.630	73.105	7	25141
Hervey Bay	-25.289	152.841	7	25114
Norfolk	42.029	-97.434	7	25030
Karoi	-16.820	29.680	7	25030
Katima Mulilo	-17.500	24.260	7	25027
Socorro	6.460	-73.270	7	24895
Pires do Rio	-17.300	-48.280	7	24822
Otjiwarongo	-20.460	16.640	7	24815
Felipe Carrillo Puerto	19.580	-88.050	7	24807
Madaoua	14.076	5.959	7	24804
Kakonko	-3.280	30.960	7	24688
Topki	55.280	85.611	7	24672
Victoria	-38.240	-72.340	7	24555
Ciudad Altamirano	18.320	-100.650	7	24533
Rolim de Moura	-11.730	-61.781	7	24516
Pochutla	15.730	-96.470	7	24481
Baubau	-5.470	122.616	7	24412
Saint-Laurent-du-Maroni	5.498	-54.033	7	24287
Enterprise	31.328	-85.844	7	24205
Frederikshavn	57.434	10.533	7	24103
Gusinoozyorsk	51.281	106.500	7	24083
Kalachinsk	55.049	74.568	7	24059
Natchez	31.555	-91.388	7	23863
Gallup	35.524	-108.734	7	23800
Fria	10.380	-13.550	7	23729
Nchelenge	-9.350	28.730	7	23693
Macas	-2.310	-78.120	7	23687
Pijijiapan	15.690	-93.220	7	23675
Ayapel	8.330	-75.150	7	23639
Tash Komur	41.342	72.231	7	23594
Itambé	-15.240	-40.630	7	23558
Lgov	51.695	35.274	7	23500
Durango	37.276	-107.880	7	23233
Gitega	-3.426	29.844	7	23167
Nova Cruz	-6.470	-35.440	7	23166
Macia	-25.020	33.090	7	23156
Sechura	-5.560	-80.820	7	23020
Makinsk	52.640	70.410	7	23020
Tunuyán	-33.566	-69.017	7	22834
Sibiti	-3.690	13.350	7	22811
Tashtagol	52.792	87.868	7	22779
Papasquiaro	24.830	-105.340	7	22750
Bella Unión	-30.260	-57.600	7	22723
Oytal	42.915	73.255	7	22673
Dublin	32.537	-82.918	7	22623
Frontera	18.580	-92.650	7	22621
Visby	57.634	18.300	7	22593
Bélabo	4.934	13.300	7	22553
Sale	-38.110	147.060	7	22486
Aranyaprathet	13.682	102.497	7	22472
Moyo	3.650	31.720	7	22434
Baturité	-4.330	-38.880	7	22417
El Dorado	33.214	-92.663	7	22416
Brookings	44.307	-96.788	7	22411
Pirgos	37.684	21.450	7	22399
Ar Rutbah	33.038	40.284	7	22370
Lebu	-37.610	-73.650	7	22345
Demba	-5.510	22.260	7	22263
Eséka	3.650	10.767	7	22221
Uthai Thani	15.382	100.026	7	22219
Qarazhal	48.025	70.800	7	22170
Ojinaga	29.540	-104.410	7	22128
Nkhata Bay	-11.600	34.300	7	22108
Katoomba	-33.707	150.320	7	22076
Araçuaí	-16.860	-42.070	7	22005
Puerto Suárez	-18.950	-57.850	7	22000
Montrose	38.477	-107.866	7	21789
Kilkenny	52.655	-7.252	7	21589
Tlaxiaco	17.270	-97.680	7	21391
Cumberland	39.653	-78.763	7	21316
Antsohihy	-14.866	47.983	7	21290
Paracuru	-3.400	-39.040	7	21196
Isikul	54.929	71.268	7	21136
Barstow	34.899	-117.022	7	21119
Nzeto	-7.230	12.860	7	21059
Phayao	19.171	99.908	7	21058
Jauja	-11.800	-75.500	7	21057
Chascomús	-35.566	-58.017	7	21054
Camaná	-16.620	-72.720	7	20956
Goulburn	-34.750	149.710	7	20940
Arcata	40.863	-124.083	7	20905
Okahandja	-21.980	16.910	7	20879
Gamboma	-1.879	15.850	7	20877
Impfondo	1.640	18.040	7	20859
Maralal	1.110	36.680	7	20841
Orange Walk	18.090	-88.560	7	20835
Penzance	50.134	-5.550	7	20812
Ulundi	-28.330	31.410	7	20753
San Felipe	31.024	-114.850	7	20750
Poplar Bluff	36.760	-90.403	7	20662
Miandrivazo	-19.516	45.467	7	20631
Kawambwa	-9.780	29.080	7	20589
Komatipoort	-25.410	31.940	7	20508
Ushtobe	45.265	77.970	7	20492
Bururi	-3.951	29.617	7	20393
Chilecito	-29.166	-67.500	7	20343
Sligo	54.267	-8.483	7	20228
Lodwar	3.130	35.570	7	20219
Salamanca	-31.780	-70.980	7	20214
San Lorenzo	1.270	-78.860	7	20209
Masterton	-40.944	175.646	7	20200
Sesheke	-17.470	24.300	7	20149
Selma	32.408	-87.021	7	20126
Cherepanovo	54.234	83.369	7	20125
Kwinana	-32.239	115.770	7	20086
Rayevskiy	54.067	54.927	7	20060
Kasongo-Lunda	-6.480	16.830	7	20060
Haiya	18.336	36.384	7	20000
Zemio	5.034	25.133	7	20000
Muglad	11.034	27.733	7	19997
Cyangugu	-2.480	28.900	7	19900
Ben Gardane	33.140	11.220	7	19843
Camacupa	-12.020	17.470	7	19828
Mpwapwa	-6.350	36.480	7	19806
Itigi	-5.700	34.480	7	19711
Bikin	46.820	134.265	7	19659
Yitulihe	50.652	121.517	7	19645
San Borja	-14.820	-66.850	7	19640
Atasu	48.690	71.650	7	19616
Levin	-40.612	175.277	7	19550
Puerto Escondido	15.859	-97.066	7	19488
Faranah	10.040	-10.750	7	19469
Echuca	-36.130	144.750	7	19457
Harstad	68.788	16.516	7	19433
Ivdel	60.694	60.413	7	19379
Ayaviri	-14.880	-70.600	7	19310
Oum Hadjer	13.300	19.683	7	19271
Tillabéri	14.212	1.453	7	19262
Bati	11.184	40.017	7	19260
Roebourne	-20.783	117.133	7	19260
Kos	36.894	27.289	7	19244
Uzhur	55.329	89.821	7	19212
Mumbwa	-14.980	27.070	7	19086
Viseu	-1.196	-46.140	7	18958
Mubende	0.590	31.370	7	18936
Villamontes	-21.250	-63.500	7	18761
Embi	48.827	58.144	7	18760
Whakatane	-37.957	176.983	7	18700
Bay City	28.981	-95.964	7	18663
Kavalerovo	44.270	135.050	7	18657
San Jose	13.940	-90.820	7	18655
Huanta	-12.950	-74.250	7	18627
Maitland	-32.721	151.555	7	18625
Luau	-10.710	22.230	7	18465
Charata	-27.216	-61.200	7	18297
Lobos	-35.185	-59.095	7	18278
Bua Yai	15.584	102.419	7	18269
Kédougou	12.560	-12.180	7	18226
Traralgon	-38.200	146.530	7	18226
Murray Bridge	-35.130	139.260	7	18194
Diego de Almagro	-26.370	-70.050	7	18137
Hassi Messaoud	31.702	6.054	7	18124
Requena	-5.070	-73.910	7	18000
Port Alfred	-33.600	26.880	7	17959
Kurtamysh	54.909	64.433	7	17936
Nguigmi	14.253	13.111	7	17897
Edmundston	47.379	-68.333	7	17894
Anxi	40.500	95.800	7	17886
Sovetsk	57.578	48.958	7	17869
Obock	11.973	43.286	7	17776
Ashburton	-43.898	171.749	7	17700
Zongo	4.330	18.615	7	17667
Bitam	2.084	11.483	7	17637
Zaysan	47.475	84.860	7	17600
Eldama Ravine	0.050	35.720	7	17581
Pakwach	2.470	31.480	7	17541
Bugt	48.784	121.933	7	17457
Same	-4.070	37.720	7	17455
Eldorado	24.330	-107.370	7	17365
Escanaba	45.746	-87.064	7	17318
Kangaba	11.940	-8.440	7	17232
Pallasovka	50.048	46.877	7	17139
Bloemhof	-27.650	25.590	7	17122
Makokou	0.567	12.867	7	17070
Monte Cristi	19.867	-71.650	7	17001
Nevelsk	46.680	141.870	7	17000
Ihosy	-22.400	46.117	7	16990
Carmelo	-33.990	-58.300	7	16921
Ngara	-2.470	30.650	7	16890
Bella Vista	-22.130	-56.520	7	16852
Pendleton	45.673	-118.787	7	16799
Mikumi	-7.400	36.980	7	16780
Poronaysk	49.242	143.085	7	16677
Kamenka	53.195	44.044	7	16560
Dickinson	46.884	-102.789	7	16399
Karema	-6.816	30.433	7	16385
Gawler	-34.607	138.726	7	16362
Hancock	47.127	-88.581	7	16355
San Martín	3.690	-73.690	7	16273
Koulamoutou	-1.133	12.483	7	16222
Xaignabouri	19.250	101.750	7	16200
Sparti	37.074	22.430	7	16187
Huarmey	-10.070	-78.160	7	16172
Horqueta	-23.340	-57.050	7	16171
Compostela	21.230	-104.900	7	16162
Nyahanga	-2.383	33.550	7	16092
Ilave	-16.080	-69.670	7	16033
Nieuw Nickerie	5.950	-56.990	7	15992
Nikel	69.413	30.219	7	15866
Derzhavinsk	51.102	66.307	7	15848
Santiago Tuxtla	18.470	-95.300	7	15681
Kodinskiy	58.695	99.100	7	15670
Gornyak	50.988	81.488	7	15668
At Bashy	41.172	75.797	7	15601
Yankton	42.882	-97.392	7	15580
Pimentel	-6.830	-79.930	7	15552
Pembroke	45.850	-77.117	7	15551
Lihue	21.976	-159.369	7	15536
Boulder City	35.979	-114.832	7	15479
Kérouané	9.270	-9.020	7	15406
Scottsdale	33.489	-111.925	7	15401
Nyunzu	-5.950	28.017	7	15397
Nerchinsk	52.009	116.549	7	15360
Kulunda	52.583	78.947	7	15345
Junín	-11.150	-76.010	7	15320
Zamora	-4.070	-78.970	7	15276
Takéo	10.984	104.783	7	15264
Tessenei	15.110	36.657	7	15255
Vyazemskiy	47.533	134.747	7	15247
Mitchell	43.714	-98.026	7	15205
Yorkton	51.217	-102.467	7	15172
Jamestown	46.906	-98.703	7	15081
Chaguaramas	9.336	-66.254	7	15000
Izamal	20.930	-89.020	7	14954
Bredasdorp	-34.530	20.030	7	14936
Tecuala	22.400	-105.460	7	14921
Swift Current	50.284	-107.767	7	14906
Chegdomyn	51.118	133.024	7	14855
Urzhar	47.100	81.605	7	14826
Tamuín	21.980	-98.750	7	14748
San Ramon	-11.130	-75.340	7	14708
Abong Mbang	3.984	13.183	7	14661
Gouré	13.987	10.270	7	14639
Bosobolo	4.190	19.880	7	14553
Gwanda	-20.940	29.010	7	14450
Ascension	-15.700	-63.080	7	14429
Nioro du Sahel	15.230	-9.590	7	14421
Kingston	-42.991	147.308	7	14371
Abadla	31.017	-2.733	7	14364
Vernal	40.455	-109.528	7	14353
Ballina	-28.861	153.568	7	14242
Chota	-6.550	-78.650	7	14240
Maridi	4.915	29.477	7	14224
Kaoma	-14.780	24.800	7	14212
El Daba	31.034	28.433	7	14212
Brooks	50.567	-111.900	7	14163
Juan Aldama	24.290	-103.390	7	14162
Boutilimit	17.550	-14.700	7	14142
Añatuya	-28.466	-62.833	7	14133
Cadillac	44.251	-85.414	7	14097
Chinsali	-10.550	32.060	7	14015
Richmond	-33.600	150.740	7	13880
Guapi	2.560	-77.860	7	13853
Singleton	-32.569	151.160	7	13813
Mwinilunga	-11.740	24.440	7	13798
Quesnel	52.984	-122.483	7	13788
Swellendam	-34.020	20.430	7	13674
Bongaree	-27.079	153.151	7	13649
Pedreiras	-4.570	-44.670	7	13638
Dumas	35.862	-101.967	7	13629
Mar de Ajó	-36.716	-56.677	7	13610
Frias	-28.650	-65.150	7	13594
Williston	48.157	-103.628	7	13564
Esil	51.957	66.377	7	13504
Vicuña	-30.029	-70.740	7	13496
Cajabamba	-7.620	-78.040	7	13486
Douglas	31.508	-82.851	7	13441
Mbulu	-3.850	35.530	7	13430
Golyshmanovo	56.382	68.371	7	13424
Chitipa	-9.716	33.267	7	13412
Bollnäs	61.352	16.367	7	13398
Luganville	-15.513	167.177	7	13397
Mariental	-24.620	17.960	7	13380
Kirensk	57.786	108.112	7	13308
Namanga	-2.540	36.800	7	13193
Uyar	55.810	94.315	7	13167
Tayynsha	53.848	69.764	7	13148
Qulan	42.920	72.705	7	13128
Guerrero Negro	27.990	-114.170	7	13054
Macará	-4.380	-79.950	7	13035
Beeville	28.406	-97.751	7	13004
Oamaru	-45.109	170.995	7	13000
Woodward	36.433	-99.398	7	12931
Lisburn	54.510	-6.048	7	12899
Chilca	-12.520	-76.740	7	12884
Camabatela	-8.190	15.370	7	12837
Horsham	-36.710	142.190	7	12830
Los Lagos	-39.850	-72.830	7	12813
Powell River	49.884	-124.550	7	12779
Petoskey	45.374	-84.955	7	12667
Sunchales	-30.933	-61.567	7	12655
Port Pirie	-33.191	137.990	7	12506
Isla Mujeres	21.208	-86.711	7	12491
Colesberg	-30.720	25.100	7	12423
Oshikango	-17.400	15.880	7	12423
Kilindoni	-7.916	39.650	7	12409
Warwick	-28.229	152.020	7	12347
Aldama	22.920	-98.070	7	12292
Nazyvayevsk	55.567	71.350	7	12284
Ermoupoli	37.450	24.933	7	12260
Moloundou	2.034	15.217	7	12244
Porvoo	60.400	25.666	7	12242
Qalat	32.112	66.887	7	12191
Cherlak	54.160	74.820	7	12122
Brandfort	-28.700	26.470	7	12091
Waku Kungo	-11.360	15.120	7	12069
Angra do Heroísmo	38.650	-27.217	7	12045
Dolinsk	47.350	142.800	7	11989
Kasaji	-10.366	23.450	7	11969
Killarney	52.050	-9.517	7	11902
La Cruz	23.920	-106.900	7	11900
Santa Rosalía	27.317	-112.283	7	11899
Carahue	-38.709	-73.170	7	11875
Malargüe	-35.466	-69.583	7	11847
Kempsey	-31.087	152.822	7	11840
Cafayate	-26.083	-65.967	7	11785
Nelson	49.484	-117.283	7	11779
Coffeyville	37.038	-95.626	7	11760
Port Lavaca	28.616	-96.630	7	11743
Gympie	-26.189	152.671	7	11649
Mont-Laurier	46.550	-75.500	7	11642
Lundazi	-12.290	33.170	7	11635
Muswellbrook	-32.270	150.890	7	11630
Alotau	-10.302	150.459	7	11624
Crescent City	41.756	-124.200	7	11534
Bartica	6.410	-58.630	7	11524
Zmeinogorsk	51.157	82.195	7	11514
Riverton	43.028	-108.395	7	11508
Cerrillos	-24.900	-65.483	7	11498
Aginskoye	51.103	114.523	7	11491
Rhinelander	45.640	-89.412	7	11483
Valdez	1.267	-78.985	7	11441
Hadiboh	12.652	54.024	7	11396
Monte Quemado	-25.800	-62.867	7	11387
Kirs	59.314	52.245	7	11385
Caracaraí	1.816	-61.128	7	11368
Belén	-23.469	-57.240	7	11359
Belen	-27.650	-67.033	7	11359
Green River	41.515	-109.465	7	11358
Las Tablas	7.760	-80.280	7	11358
Makoua	-0.010	15.640	7	11355
Steinkjer	64.017	11.500	7	11274
Otar	43.535	75.214	7	11238
Prieska	-29.660	22.730	7	11236
Mwingi	-0.930	38.070	7	11219
Qasr-e Shirin	34.512	45.577	7	11202
Koror	7.345	134.470	7	11200
Guymon	36.686	-101.480	7	11178
El Fuerte	26.420	-108.620	7	11171
Parkes	-33.130	148.170	7	11137
Lithgow	-33.496	150.153	7	11128
Bairnsdale	-37.830	147.610	7	11005
Kargat	55.196	80.281	7	10881
Ngorongoro	-3.250	35.520	7	10836
Pozo Almonte	-20.270	-69.800	7	10830
Dawson Creek	55.767	-120.233	7	10802
Santa Barbara	26.800	-105.820	7	10800
Bolama	11.583	-15.483	7	10769
Yeppoon	-23.133	150.757	7	10769
Coalcoman	18.780	-103.150	7	10715
Kavaratti	10.563	72.637	7	10688
Ewo	-0.880	14.820	7	10650
Benito Juárez	-37.666	-59.800	7	10609
Songo	-7.350	14.850	7	10579
Kimpese	-5.550	14.433	7	10578
Batemans Bay	-35.690	150.207	7	10557
Valparaíso	22.770	-103.570	7	10545
Santiago	-14.190	-75.740	7	10449
Bogue	16.590	-14.270	7	10415
Puerto Quijarro	-17.780	-57.770	7	10392
Kiama	-34.710	150.840	7	10379
Bethanie	-26.500	17.150	7	10363
Taksimo	56.332	114.890	7	10359
Shamva	-17.320	31.570	7	10317
Price	39.600	-110.810	7	10281
Sukhothai	17.012	99.752	7	10276
Caldera	-27.070	-70.830	7	10259
Puerto Carreño	6.185	-67.493	7	10216
Kaiapoi	-43.381	172.651	7	10200
Birao	10.284	22.783	7	10178
Ondjiva	-17.070	15.730	7	10169
Roboré	-18.330	-59.760	7	10036
Astoria	46.188	-123.830	7	10011
Kuruman	-27.450	23.420	7	10006
Moba	-7.060	29.720	7	10006
Senanga	-16.120	23.270	7	10005
Olyokminsk	60.503	120.393	7	10000
Gar	32.200	79.983	7	10000
Moranbah	-22.002	148.038	7	10000
Vera	-29.466	-60.217	7	9979
Mazowe	-17.520	30.970	7	9966
Makale	-3.097	119.853	7	9960
Winslow	35.024	-110.697	7	9931
Ayutla	16.964	-99.095	7	9897
Bulaevo	54.905	70.440	7	9886
Kailua-Kona	19.638	-155.988	7	9870
Dalby	-27.194	151.266	7	9847
Komsomolets	53.751	62.050	7	9838
Olmos	-5.980	-79.750	7	9800
Pokrovsk	61.493	129.127	7	9763
Steinbach	49.517	-96.683	7	9729
Mandritsara	-15.833	48.817	7	9705
Sembe	1.640	14.580	7	9679
Tshabong	-26.009	22.400	7	9679
Winnemucca	40.973	-117.735	7	9666
Djambala	-2.540	14.750	7	9651
Trujillo	15.910	-85.960	7	9646
San Justo	-30.783	-60.583	7	9607
Biryusinsk	55.961	97.814	7	9583
Charters Towers	-20.081	146.259	7	9573
Dombarovskiy	50.755	59.540	7	9556
Presque Isle	46.676	-68.012	7	9466
Juan José Castelli	-25.950	-60.617	7	9421
Emerald	-23.512	148.167	7	9398
Craig	40.517	-107.550	7	9391
Shira	54.491	89.953	7	9358
Orlu	5.784	7.033	7	9351
Villa Ahumada	30.610	-106.510	7	9326
Swan Hill	-35.340	143.540	7	9276
Kasane	-17.810	25.150	7	9250
Ulladulla	-35.350	150.470	7	9250
Ertis	53.345	75.450	7	9216
Trinidad	37.171	-104.506	7	9156
Usakos	-22.000	15.580	7	9147
Challapata	-18.900	-66.780	7	9114
Colac	-38.340	143.580	7	9089
Shar	49.600	81.055	7	9087
Ayr	-19.570	147.399	7	9078
Inírida	3.854	-67.906	7	9065
Tula	23.000	-99.720	7	9054
Aguelhok	19.455	0.856	7	9000
Mbamba Bay	-11.283	34.767	7	8997
Chamical	-30.350	-66.317	7	8989
Sodankylä	67.417	26.600	7	8942
Kachiry	53.080	76.090	7	8931
Kuybyshevskiy	37.979	68.689	7	8925
Quibala	-10.730	14.980	7	8915
Makhambet	47.671	51.580	7	8905
Zhangaozen	43.300	52.800	7	8895
Cuencame	24.870	-103.700	7	8876
Hamilton	-37.731	142.023	7	8869
Sitia	35.200	26.099	7	8833
Marrupa	-13.198	37.499	7	8762
Tocantinópolis	-6.320	-47.420	7	8750
Virginia	47.524	-92.536	7	8709
Socorro	34.062	-106.899	7	8668
La Libertad	16.780	-90.120	7	8646
Lamar	38.086	-102.619	7	8620
Miles City	46.409	-105.840	7	8615
Kingaroy	-26.539	151.841	7	8573
Inverell	-29.767	151.113	7	8561
Chos Malal	-37.383	-70.267	7	8556
Aqsu	52.450	71.960	7	8543
Rawlins	41.791	-107.234	7	8533
Wasilla	61.582	-149.439	7	8521
Kirkwall	58.967	-2.950	7	8500
Oranjemund	-28.549	16.430	7	8496
San Antonio Oeste	-40.733	-64.933	7	8492
Goundam	16.417	-3.667	7	8456
Vallegrande	-18.490	-64.110	7	8422
Pecos	31.416	-103.500	7	8372
Brokopondo	5.040	-55.020	7	8340
Masindi-Port	1.700	32.070	7	8319
Aiquile	-18.190	-65.180	7	8224
Zhanibek	49.428	46.877	7	8212
Ndalatando	-9.300	14.910	7	8144
Qusmuryn	52.458	64.600	7	8049
Deniliquin	-35.530	144.950	7	8024
Kontcha	7.967	12.233	7	8018
McCook	40.206	-100.626	7	8012
Oldeani	-3.350	35.550	7	8000
Dilolo	-10.700	22.333	7	7854
Victor Harbor	-35.560	138.617	7	7760
Punta Gorda	16.100	-88.810	7	7748
Kalabo	-14.990	22.680	7	7731
Fort Stockton	30.892	-102.885	7	7721
Castillos	-34.170	-53.830	7	7686
Las Lomitas	-24.700	-60.600	7	7683
Revelstoke	51.000	-118.183	7	7668
Bayghanin	48.692	55.874	7	7657
Guide	36.045	101.424	7	7642
Bansang	13.434	-14.650	7	7615
Mitla	16.917	-96.400	7	7547
Young	-34.310	148.290	7	7501
Igarka	67.467	86.583	7	7470
Coracora	-15.020	-73.790	7	7420
El Alamein	30.817	28.950	7	7400
Neiafu	-18.650	-173.983	7	7391
Reyes	-14.310	-67.370	7	7376
Salum	31.567	25.150	7	7330
Gunnison	38.545	-106.928	7	7324
Leeton	-34.545	146.397	7	7299
Bossembélé	5.267	17.650	7	7287
Carhué	-37.183	-62.733	7	7190
Timiryazevskiy	56.493	84.904	7	7182
Okandja	-0.657	13.680	7	7155
Tobol	52.698	62.575	7	7155
Gunnedah	-30.987	150.262	7	7148
Parry Sound	45.334	-80.033	7	7105
Narrabri	-30.332	149.787	7	7082
Raton	36.897	-104.440	7	7073
Stephenville	48.550	-58.567	7	7054
Maryborough	-37.050	143.730	7	7046
Kapoeta	4.772	33.590	7	7042
Quellón	-43.100	-73.600	7	7029
Stawell	-37.060	142.760	7	6991
Lascano	-33.670	-54.200	7	6976
Needles	34.848	-114.613	7	6974
Atherton	-17.270	145.469	7	6959
Kieta	-6.216	155.633	7	6958
Nicuadala	-17.608	36.820	7	6945
Zholymbet	51.750	71.710	7	6876
Cowra	-33.830	148.680	7	6795
Kishkenekol	53.637	72.341	7	6779
Byron Bay	-28.657	153.613	7	6764
Antigonish	45.627	-61.998	7	6739
Tagum	7.382	125.802	7	6726
Rinconada	-22.433	-66.167	7	6692
Makarov	48.634	142.800	7	6663
Horta	38.535	-28.645	7	6611
Bir Anzarane	23.884	-14.533	7	6597
Homer	59.643	-151.548	7	6560
Mongomo	1.634	11.317	7	6560
Outjo	-20.110	16.140	7	6557
Tumut	-35.310	148.220	7	6526
Cooma	-36.240	149.120	7	6520
Sidney	41.140	-102.978	7	6492
San Ramón	-13.290	-64.710	7	6490
Melut	10.434	32.200	7	6407
Merimbula	-36.900	149.900	7	6367
San Carlos	10.550	123.380	7	6353
Verkhnevilyuysk	63.446	120.317	7	6341
Biloela	-24.394	150.496	7	6309
Ghanzi	-21.700	21.640	7	6306
Douglas	42.756	-105.385	7	6298
Selfoss	63.933	-20.997	7	6275
Ndende	-2.383	11.383	7	6200
Gizo	-8.100	156.835	7	6154
Ingham	-18.650	146.167	7	6127
Bathurst	-33.420	149.570	7	6111
Ararat	-37.280	142.910	7	6110
Bar Harbor	44.388	-68.204	7	6090
Karasburg	-28.020	18.740	7	6054
Ferfer	5.085	45.165	7	6000
Chapaev	50.191	51.145	7	6000
Wonthaggi	-38.609	145.590	7	5985
Port St. Johns	-31.628	29.528	7	5939
Meadow Lake	54.130	-108.435	7	5882
Grand Turk	21.466	-71.136	7	5801
Chadron	42.828	-103.003	7	5798
Eyumojok	5.750	8.983	7	5798
Carnarvon	-30.950	22.133	7	5785
Bilibino	68.053	166.449	7	5757
Moab	38.574	-109.549	7	5730
Béni Ounif	32.049	-1.251	7	5628
Kasempa	-13.460	25.820	7	5622
Ouadda	8.067	22.400	7	5434
San Quintín	30.558	-115.940	7	5433
Mudgee	-32.590	149.580	7	5391
Witu	-2.380	40.430	7	5380
Falfurrias	27.227	-98.145	7	5349
Qaminis	31.661	20.015	7	5348
Desaguadero	-16.565	-69.045	7	5329
Tucumcari	35.170	-103.726	7	5313
Hohenau	-27.090	-55.647	7	5306
Fort Shevchenko	44.517	50.267	7	5213
Huize	26.350	103.417	7	5170
Willcox	32.253	-109.831	7	5146
Rosario	-24.420	-57.100	7	5123
Hearst	49.700	-83.667	7	5043
McMinns Lagoon	-12.533	131.050	7	5025
La Victoria	-22.290	-57.940	7	5000
Qasr Farafra	27.067	27.967	7	5000
Artemovsk	54.349	93.436	7	4948
Opuwo	-18.060	13.820	7	4857
Puerto Lempira	15.262	-83.772	7	4856
Forbes	-33.390	148.020	7	4838
Cubal	-13.040	14.240	7	4837
Bishop	37.364	-118.394	7	4827
Nata	-20.209	26.190	7	4794
Berri	-34.283	140.600	7	4716
Camargo	-20.640	-65.210	7	4715
Cobram	-35.920	145.650	7	4659
Marathon	48.750	-86.367	7	4627
Scone	-32.080	150.850	7	4624
Sioux Lookout	50.263	-91.917	7	4570
Victorica	-36.216	-65.450	7	4458
Cochrane	-47.266	-72.550	7	4441
Cochrane	49.067	-81.017	7	4441
La Paz	-33.466	-67.550	7	4400
Kindersley	51.467	-109.133	7	4383
Sokolo	14.734	-6.133	7	4374
Saryshaghan	46.120	73.619	7	4365
La Cruz	11.070	-85.630	7	4319
Al Qunaytirah	33.126	35.824	7	4318
Bekiy	-24.216	45.317	7	4286
George Town	19.295	-81.372	7	4268
Kyaukphyu	19.429	93.549	7	4261
Narrogin	-32.933	117.167	7	4238
Poffader	-29.133	19.383	7	4220
Channel-Port aux Basques	47.567	-59.150	7	4220
San Javier	-16.290	-62.500	7	4210
Smithton	-40.833	145.117	7	4202
Apolo	-14.720	-68.420	7	4189
Mitzik	0.784	11.567	7	4111
Bongandanga	1.510	21.050	7	4105
Brus Laguna	15.750	-84.480	7	4067
Xinguara	-7.101	-49.948	7	4047
Manica	-18.970	32.880	7	4000
San Antonio de los Cobres	-24.183	-66.350	7	4000
Proserpine	-20.416	148.583	7	3976
Mbe	7.850	13.600	7	3950
Digby	44.623	-65.760	7	3949
Katanning	-33.700	117.550	7	3934
Kerma	19.634	30.417	7	3928
Shonzhy	43.542	79.470	7	3902
Westport	-41.764	171.603	7	3900
Windsor	44.981	-64.129	7	3864
Mt. Shasta	41.310	-122.309	7	3855
Ciudad Cortés	8.960	-83.530	7	3850
Vitim	59.451	112.558	7	3843
Deer Lake	52.617	-94.067	7	3743
Ely	47.900	-91.826	7	3731
Ulaan-Uul	44.334	111.233	7	3726
Golela	-27.296	31.900	7	3695
Seymour	-37.034	145.127	7	3693
Atikokan	48.750	-91.617	7	3625
Yomou	7.570	-9.270	7	3614
Salmon	45.176	-113.895	7	3601
Dehibat	32.017	10.700	7	3525
Ligonha	-15.176	37.740	7	3500
Thermopolis	43.646	-108.215	7	3445
Magdalena	-13.260	-64.053	7	3445
Kanab	37.047	-112.525	7	3442
Kitty Hawk	36.077	-75.705	7	3413
Darregueira	-37.700	-63.167	7	3412
Lukulu	-14.390	23.240	7	3349
Krasnogorsk	48.462	142.090	7	3304
Bol	13.459	14.715	7	3303
Mopipi	-21.180	24.880	7	3301
Glasgow	48.184	-106.635	7	3240
Fort Chipewyan	58.717	-111.150	7	3222
Caballococha	-3.916	-70.508	7	3195
Kotzebue	66.899	-162.597	7	3194
Mékambo	1.017	13.933	7	3170
Shelburne	43.766	-65.319	7	3167
Mobridge	45.540	-100.435	7	3156
Anna Regina	7.270	-58.500	7	3113
Buur Gaabo	-1.201	41.852	7	3096
Hokitika	-42.707	171.010	7	3078
Luangwa	-15.620	30.410	7	3065
Clare	-33.833	138.600	7	3061
In Amguel	23.694	5.165	7	3030
Charagua	-19.800	-63.220	7	3025
Abaí	-26.030	-55.940	7	3024
Port Douglas	-16.485	145.459	7	3000
Montpelier	42.323	-111.297	7	2997
Saranpaul	64.250	60.970	7	2985
Padilla	-19.300	-64.310	7	2920
Longreach	-23.450	144.250	7	2894
Lillooet	50.684	-121.933	7	2893
Villalonga	-39.921	-62.624	7	2838
Orocue	4.795	-71.340	7	2835
Mongbwalu	1.950	30.033	7	2819
Ygatimí	-24.125	-55.643	7	2809
Kailu	43.584	121.200	7	2809
Wallaroo	-33.933	137.633	7	2779
Saint-Georges	3.910	-51.810	7	2742
Nuquí	5.685	-77.275	7	2741
Tom Price	-22.693	117.793	7	2723
Sauðárkrókur	65.746	-19.639	7	2682
Merredin	-31.483	118.267	7	2668
Chapleau	47.834	-83.400	7	2663
Mistassini	50.417	-73.867	7	2645
Burns Lake	54.217	-125.767	7	2635
Bordertown	-36.316	140.767	7	2583
Parowan	37.843	-112.827	7	2571
Huasco	-28.470	-71.220	7	2558
Athabasca	54.717	-113.267	7	2539
Maradah	29.234	19.217	7	2500
Nelson House	55.800	-98.850	7	2500
Capitol Hill	15.211	145.751	7	2500
Fuerte Olimpo	-21.070	-57.900	7	2475
Scottsdale	-41.149	147.517	7	2468
Palopo	-3.100	120.236	7	2444
Severo Kurilsk	50.690	156.085	7	2422
Karungu	-0.850	34.150	7	2376
Coroico	-16.190	-67.720	7	2361
Queenstown	-42.083	145.550	7	2352
Juradó	7.122	-77.756	7	2351
Sohano	-5.430	154.671	7	2338
Muconda	-10.600	21.320	7	2324
Port Hardy	50.717	-127.500	7	2295
Apalachicola	29.726	-84.993	7	2284
Egilsstaðir	65.267	-14.395	7	2265
Egvekinot	66.322	-179.184	7	2248
Mwenga	-3.038	28.433	7	2216
El Manteco	7.350	-62.533	7	2215
Biggar	52.050	-107.983	7	2192
Kumaka	3.900	-58.380	7	2190
Wiarton	44.734	-81.133	7	2182
Wawa	48.000	-84.783	7	2174
Hudson Bay	52.850	-102.383	7	2157
Plumtree	-20.480	27.820	7	2148
Gila Bend	32.950	-112.725	7	2088
Wrangell	56.471	-132.372	7	2070
Konza	-1.750	37.120	7	2004
Yazdan	33.506	60.894	7	2000
Matagami	49.750	-77.633	7	1966
Katwe	-0.130	29.920	7	1957
Lehututu	-23.970	21.870	7	1942
Abunã	-9.695	-65.360	7	1929
Taedong	40.617	125.450	7	1884
Coro Coro	-17.170	-68.450	7	1884
Monticello	37.872	-109.342	7	1864
Beringovskiy	63.065	179.307	7	1861
La Palma	8.398	-78.140	7	1845
Denali Park	63.733	-148.914	7	1826
Sixaola	9.520	-82.620	7	1823
Yamba	-29.423	153.353	7	1806
Al Bayda	32.760	21.620	7	1794
Tumby Bay	-34.383	136.083	7	1791
Mount Barker	-34.633	117.667	7	1781
Red Lake	51.034	-93.833	7	1765
Nokaneng	-19.670	22.270	7	1763
Al Jaghbub	29.750	24.517	7	1744
Nasir	8.600	33.067	7	1741
El Qasr	25.700	28.883	7	1716
Peterborough	-32.966	138.833	7	1689
Totness	5.890	-56.320	7	1685
Omboué	-1.566	9.250	7	1667
Labutta	16.162	94.701	7	1667
Wagin	-33.300	117.350	7	1598
Little Current	45.967	-81.933	7	1595
Baker Lake	64.317	-96.017	7	1584
John Day	44.417	-118.952	7	1573
Tombstone	31.713	-110.067	7	1570
Grand Canyon	36.055	-112.139	7	1550
Kalbarri	-27.666	114.167	7	1537
Geita	-2.866	32.167	7	1536
Manja	-21.433	44.333	7	1536
Iracoubo	5.480	-53.220	7	1536
Kipili	-7.433	30.600	7	1533
Sierra Colorado	-40.583	-67.800	7	1522
Ust Kuyga	70.017	135.600	7	1517
Penola	-37.383	140.817	7	1514
Chibemba	-15.750	14.080	7	1502
Meningie	-35.700	139.333	7	1501
Tajarhi	24.370	14.471	7	1500
San Vicente del Caguán	2.109	-74.770	7	1500
Lokhwabe	-24.170	21.830	7	1473
Gingin	-31.350	115.900	7	1446
Chibia	-15.190	13.690	7	1411
Tsau	-20.160	22.460	7	1409
Bella Bella	52.148	-128.117	7	1400
Ouyen	-35.066	142.317	7	1400
Cobalt	47.384	-79.683	7	1372
Qardho	9.500	49.166	7	1341
Qasigiannguit	68.819	-51.179	7	1341
Nyimba	-14.550	30.810	7	1336
Lubutu	-0.733	26.583	7	1313
Cangamba	-13.700	19.860	7	1307
Tarutung	2.017	98.967	7	1305
Lake Louise	51.434	-116.183	7	1248
Las Lajas	-38.516	-70.367	7	1218
Port Denison	-29.283	114.917	7	1213
Quissico	-24.726	34.766	7	1210
Nipigon	49.017	-88.250	7	1204
San Rafael	-16.780	-60.680	7	1201
Capitan Pablo Lagerenza	-19.916	-60.783	7	1200
Winton	-22.400	143.033	7	1157
Oatlands	-42.300	147.367	7	1157
Los Blancos	-23.600	-62.600	7	1145
Kaabong	3.520	34.120	7	1137
Puerto Acosta	-15.500	-69.167	7	1123
Mirbat	16.992	54.692	7	1120
Ravensthorpe	-33.583	120.033	7	1101
Fort McPherson	67.492	-134.895	7	1069
Barcaldine	-23.566	145.283	7	1068
Argentia	47.300	-53.990	7	1063
Streaky Bay	-32.812	134.215	7	1060
Soroti	1.710	33.600	7	1038
Norman Wells	65.284	-126.850	7	1027
Besalampy	-16.750	44.483	7	1022
Kotlit	63.035	-163.553	7	1002
San Juan de Nicaragua	10.920	-83.700	7	1000
McMurdo Station	-77.732	166.869	7	1000
Yélimané	15.134	-10.567	7	988
Cacolo	-10.150	19.260	7	984
Juina	-11.430	-58.766	7	980
Dirj	30.168	10.457	7	931
Chelyuskin	77.717	104.250	7	885
Hoskins	-5.475	150.410	7	871
Shamattawa	55.850	-92.083	7	870
Luanza	-8.700	28.700	7	861
Coral Harbour	64.154	-83.177	7	834
Bávaro	18.717	-68.450	7	795
Calulo	-10.000	14.900	7	795
Mohembo	-18.300	21.800	7	757
Unalakleet	63.873	-160.788	7	741
Satadougou	12.617	-11.407	7	706
Rodeo	-30.216	-69.140	7	701
Zhaltyr	51.632	69.833	7	694
Pannawonica	-21.637	116.325	7	686
Buchans	48.817	-56.867	7	685
Linxi	43.517	118.033	7	679
Djanet	24.553	9.482	7	666
Pine Creek	-13.816	131.817	7	665
Massangena	-21.537	32.956	7	650
Kimba	-33.150	136.433	7	636
Calatrava	1.116	9.419	7	628
Las Plumas	-43.724	-67.283	7	605
Dibaya	-6.510	22.870	7	603
Panda	-24.063	34.730	7	602
Tunduru	-11.090	37.370	7	600
Boulia	-22.900	139.900	7	600
Sabaya	-19.016	-68.383	7	573
Ubomba	-27.566	32.083	7	564
Gastre	-42.283	-69.233	7	557
Chiramba	-16.892	34.656	7	556
Lata	-10.738	165.857	7	553
Llica	-19.850	-68.250	7	553
Kangirsuk	60.025	-69.999	7	549
Sandspit	53.240	-131.833	7	538
Cowell	-33.683	136.917	7	537
Calucinga	-11.320	16.200	7	531
Andamooka	-30.431	137.166	7	528
Punta Prieta	28.934	-114.167	7	527
Caluula	11.967	50.750	7	513
Aniak	61.579	-159.522	7	501
Cuangar	-17.610	18.620	7	500
Yakossi	5.617	23.317	7	500
Telsen	-42.400	-66.950	7	500
Chitado	-17.320	13.920	7	500
Mys Shmidta	68.934	-179.500	7	492
Sélibaby	15.167	-12.183	7	460
Eidsvold	-25.366	151.133	7	459
Trout River	49.484	-58.117	7	452
Woomera	-31.150	136.800	7	450
Kullorsuaq	74.578	-57.225	7	450
Forteau	51.450	-56.950	7	448
Wilcannia	-31.566	143.383	7	442
Mount Magnet	-28.066	117.817	7	424
Tsavo	-2.983	38.467	7	414
Korf	60.332	165.818	7	400
Trepassey	46.737	-53.363	7	398
Espungabera	-20.450	32.770	7	393
Toconao	-23.183	-68.017	7	378
Kivalina	67.731	-164.486	7	374
Moroto	2.540	34.640	7	371
Hoonah	58.115	-135.439	7	361
Kaltukatjara	-25.788	128.997	7	355
Manyoni	-5.780	34.900	7	310
Basse-terre	16.010	-61.705	7	307
Dease Lake	58.450	-130.033	7	303
Bugrino	68.808	49.304	7	300
Umm al Abid	27.517	15.033	7	300
Cazombo	-11.890	22.900	7	298
Richmond	-20.716	143.133	7	296
Yaupi	-2.854	-77.936	7	293
King Salmon	58.689	-156.661	7	292
Ikela	-1.183	23.267	7	291
Chevery	50.481	-59.610	7	284
Birdsville	-25.900	139.367	7	283
Cat Lake	51.717	-91.800	7	277
Radisson	53.784	-77.617	7	270
Ivanhoe	-32.900	144.300	7	265
Morawa	-29.216	116.000	7	259
Ambler	67.086	-157.851	7	258
Shishmaref	66.257	-166.072	7	254
Koyuk	64.940	-161.157	7	254
Quinhagak	59.749	-161.916	7	250
Villa O'Higgins	-48.467	-72.593	7	250
Esperanza Base	-63.375	-57.026	7	250
Tasiusaq	73.369	-56.060	7	250
Theodore	-24.949	150.083	7	246
Timbedra	16.250	-8.167	7	245
Kenge	-4.830	16.900	7	241
Adelaide River	-13.250	131.100	7	237
Kanyato	-4.457	30.261	7	232
Abau	-10.043	148.565	7	230
St. Anthony	51.384	-55.600	7	224
Gingoog	8.830	125.130	7	218
I-n-Amenas	28.050	9.550	7	216
Kingston South East	-36.833	139.850	7	206
Zouar	20.459	16.528	7	204
Mapai	-22.843	31.963	7	201
Burketown	-17.716	139.567	7	200
Casey Station	-66.286	110.536	7	200
Amundsen–Scott South Pole Station	-90.000	176.994	7	200
Charaña	-17.600	-69.467	7	197
Kalima	-2.510	26.430	7	194
Southern Cross	-31.216	119.317	7	187
Quipungo	-14.830	14.550	7	186
Oxford House	54.950	-95.267	7	184
Vilanculos	-22.000	35.317	7	177
Lusanga	-5.583	16.517	7	177
Bicheno	-41.878	148.289	7	177
Hurdiyo	10.582	51.123	7	176
Mirny Station	-66.576	93.006	7	169
Vikhorevka	56.093	101.243	7	166
Newhalen	59.720	-154.897	7	160
Luiana	-17.370	23.000	7	150
Marambio Base	-64.233	-56.650	7	150
Base Presidente Montalva	-62.183	-58.908	7	150
Bafwasende	1.084	27.267	7	149
Cuito Caunavale	-15.160	19.170	7	149
Progress	49.750	129.617	7	146
Bedourie	-24.350	139.467	7	142
Telukbutun	4.217	108.200	7	140
McGrath	62.957	-155.596	7	138
Tanacross	63.386	-143.346	7	136
Bifoum	-0.333	10.383	7	134
Rothera Station	-67.565	-68.124	7	130
Fox Bay	-51.951	-60.087	7	120
Dumont d'Urville Station	-66.775	139.964	7	120
Chignik	56.296	-158.402	7	118
Yakutat	59.547	-139.727	7	109
Circle	65.826	-144.061	7	100
Mukhomornoye	66.417	173.333	7	100
El Agheila	30.257	19.200	7	100
Mucusso	-18.020	21.430	7	100
Lemsid	26.548	-13.848	7	100
Burylbaytal	44.939	74.030	7	100
Churchill Falls	53.526	-63.981	7	100
Belgrano II Base	-77.866	-34.617	7	100
Wales	65.610	-168.088	7	99
Grytviken	-54.281	-36.508	7	99
Karluk	57.572	-154.455	7	96
King Sejong Station	-62.225	-58.772	7	90
Scott Base	-77.847	166.749	7	85
Zucchelli Station	-74.619	164.219	7	80
Hughes	66.049	-154.255	7	78
Burwash Landing	61.350	-139.000	7	73
Piso Firme	-13.683	-61.867	7	72
Davis Station	-68.778	78.141	7	70
Novolazarevskaya Station	-71.301	-11.850	7	70
Halley Station	-76.092	-26.474	7	70
Pilot Point	57.565	-157.569	7	68
Maitri Station	-70.782	11.730	7	65
Atka	52.196	-174.200	7	61
Carlini Base	-62.224	-58.650	7	60
Zhongshan Station	-69.434	76.339	7	60
Mawson Station	-67.615	62.875	7	60
Showa Station	-69.030	39.746	7	60
As Sidr	30.670	18.267	7	50
Kingoonya	-30.900	135.300	7	50
Palmer Station	-64.762	-64.047	7	46
Orcadas Station	-60.733	-44.733	7	45
Troll Station	-72.016	2.533	7	44
Gen. O'Higgins Base	-63.328	-57.890	7	44
Capitan Arturo Prat Station	-62.500	-59.683	7	41
Nuevo Rocafuerte	-0.933	-75.400	7	40
Great Wall Station	-62.216	-58.967	7	40
Neumayer Station III	-70.890	-7.838	7	40
Sobral Base	-81.179	-40.502	7	40
False Pass	54.851	-163.415	7	35
Concordia Research Station	-74.666	124.167	7	30
Lumbala Nguimbo	-14.100	21.440	7	25
Vostok Station	-78.466	106.800	7	25
Escudero Base	-62.195	-58.953	7	20
San Martín Base	-68.116	-67.100	7	20
Nikolski	52.938	-168.868	7	18
Aboa Station	-75.050	-13.417	7	18
Wiseman	67.410	-150.107	7	14
Puca Urco	-2.333	-71.917	7	10
Andoas	-2.902	-76.402	7	10
Soldado Bartra	-2.516	-75.767	7	10
Varnek	69.730	60.064	7	10
Peregrebnoye	62.967	65.086	7	10
Laryak	61.101	80.251	7	10
Yessey	68.484	102.167	7	10
Ulkan	55.900	107.783	7	10
Podkamennaya Tunguska	61.600	90.124	7	10
Agapa	71.450	89.250	7	10
Nyukzha	56.531	121.613	7	10
Shalaurova	73.220	143.183	7	10
Tunguskhaya	64.900	125.250	7	10
Natara	68.411	123.925	7	10
Zhilinda	70.134	114.000	7	10
Trofimovsk	72.600	127.034	7	10
Tukchi	57.367	139.500	7	10
Siglan	59.034	152.417	7	10
Karamken	60.200	151.167	7	10
Strelka	61.867	152.250	7	10
Sierra Mojada	27.289	-103.702	7	10
Chegga	25.380	-5.780	7	10
Magta Lajar	17.000	-13.500	7	10
Zillah	28.550	17.583	7	10
Hodrogo	48.966	96.783	7	10
Dawra	27.463	-12.992	7	10
Utkholok	57.550	157.233	7	10
Bol'sheretsk	52.439	156.359	7	10
Il'pyrskiy	59.967	164.172	7	10
Berenice	23.946	35.484	7	10
Lagunas	-20.983	-69.683	7	10
Uruará	-3.830	-54.030	7	10
Puerto Heath	-12.500	-68.667	7	10
Newcastle Waters	-17.553	133.467	7	10
Wasa Station	-73.050	-13.417	7	10
Svea Station	-74.583	-11.217	7	10
Signy Research Station	-60.631	-45.601	7	8
Elephant Island	-62.000	-58.000	7	6
Peter I Island	-68.795	-90.584	7	1
Nordvik	74.017	111.510	7	0
Logashkino	70.850	153.900	7	0
Essen	51.450	7.017	8	1742135
Kalyan	19.250	73.160	8	1576614
Niterói	-22.883	-43.106	8	1500513
Kawasaki	35.530	139.705	8	1437266
Sheffield	53.367	-1.500	8	1292900
Duisburg	51.430	6.750	8	1276757
Abbottabad	34.150	73.200	8	1183647
Nezahualcoyotl	19.410	-99.030	8	1109363
Sharjah	25.371	55.406	8	1103027
Mesa	33.415	-111.821	8	1085394
Changwon	35.219	128.584	8	1081499
Zhucheng	35.990	119.380	8	1060000
Yangquan	37.870	113.570	8	981448
Xinyi	34.380	118.350	8	962656
Olinda	-8.000	-34.850	8	921840
Az Zarqa	32.070	36.100	8	894691
Okayama	34.672	133.917	8	866092
Nova Iguaçu	-22.755	-43.445	8	844583
Duque de Caxias	-22.796	-43.306	8	842890
Braga	41.555	-8.421	8	826833
Wuppertal	51.250	7.170	8	776525
Cheongju	36.644	127.501	8	775096
Shiyan	32.570	110.780	8	770000
São José dos Campos	-23.200	-45.880	8	753769
Liège	50.630	5.580	8	749110
Stamford	41.053	-73.539	8	746920
Ansan	37.348	126.860	8	739493
Arlington	32.685	-97.020	8	724777
Jaboatao	-8.110	-35.020	8	702621
Soledad	10.920	-74.770	8	698852
Utsunomiya	36.550	139.870	8	667752
São José dos Pinhais	-25.570	-49.180	8	665063
Santo André	-23.653	-46.528	8	662373
Bytom	50.350	18.910	8	662247
At Taif	21.262	40.382	8	657282
Kryvyy Rih	47.928	33.345	8	652380
Irbid	32.550	35.850	8	650000
Pasadena	29.661	-95.148	8	628492
Zhuozhou	39.540	115.790	8	628000
San Mateo	37.541	-122.303	8	626406
Southend-on-Sea	51.550	0.720	8	618386
Icel	36.800	34.620	8	616990
Canoas	-29.920	-51.180	8	600000
Al Hillah	23.489	46.756	8	594605
Ajmer	26.450	74.640	8	589985
Dortmund	51.530	7.450	8	588462
Aurora	39.696	-104.808	8	587540
Hachiōji	35.658	139.326	8	579399
Joliet	41.530	-88.107	8	578460
Urmia	37.530	45.000	8	577307
Bristol	51.450	-2.583	8	553528
Puerto la Cruz	10.170	-64.680	8	546616
Hisar	29.170	75.725	8	544829
Yangzhou	32.400	119.430	8	539715
Latakia	35.540	35.780	8	539147
Ōtsu	35.006	135.867	8	536976
Linxia	35.600	103.200	8	534555
Jingzhou	30.320	112.230	8	520000
Mykolayiv	46.968	31.984	8	510840
Jundiaí	-23.200	-46.880	8	505548
Tlaxcala	19.320	-98.230	8	503878
Viña del Mar	-33.025	-71.557	8	503534
Bradford	53.792	-1.754	8	501700
Kansas City	39.114	-94.630	8	501577
Taoyuan	24.989	121.311	8	500000
Glendale	33.535	-112.174	8	500000
San Lorenzo	-25.340	-57.520	8	500000
Reynosa	26.080	-98.300	8	498654
Allentown	40.600	-75.500	8	496442
Berkeley	37.874	-122.271	8	496356
Douma	33.583	36.400	8	496145
Yanji	42.882	129.513	8	488740
Americana	-22.750	-47.330	8	479472
Sialkote	32.520	74.560	8	477396
Piraeus	37.950	23.700	8	466065
Naberezhnyye Chelny	55.732	52.392	8	461086
Leicester	52.630	-1.133	8	457983
Hengshui	37.720	115.700	8	456356
Sunderland	54.903	-1.380	8	452934
Xalapa	19.530	-96.920	8	452186
Oshawa	43.880	-78.850	8	450963
Gent	51.030	3.700	8	444336
Tokushima	34.067	134.553	8	443760
Cabimas	10.430	-71.450	8	441094
Spanish Town	17.983	-76.950	8	432704
Bournemouth	50.730	-1.900	8	426945
Heidelberg	49.420	8.700	8	426590
Chaozhou	23.680	116.630	8	424787
Springfield	42.120	-72.580	8	421780
Luohe	33.570	114.030	8	417356
Kitchener	43.450	-80.500	8	417001
Xuanhua	40.594	115.024	8	409745
Miami Beach	25.810	-80.132	8	407750
Sunchon	39.424	125.939	8	400629
Gómez Palacio	25.570	-103.500	8	399328
Khmelnytskyy	49.425	27.002	8	398346
Eindhoven	51.430	5.500	8	398053
Horlivka	48.300	38.055	8	396885
Metairie	29.984	-90.153	8	394206
Elgin	42.039	-88.290	8	389514
Alajuela	10.020	-84.230	8	387743
Southampton	50.900	-1.400	8	384417
Celaya	20.530	-100.800	8	383697
Karlsruhe	49.000	8.400	8	377487
Makiyivka	48.030	37.975	8	376610
Kahramanmaraş	37.610	36.945	8	376045
Reading	51.470	-0.980	8	369804
Najran	17.507	44.132	8	369609
Al-Qatif	26.520	50.012	8	368892
Hampton	37.030	-76.350	8	366766
McAllen	26.203	-98.230	8	364004
Sheikhu Pura	31.720	73.990	8	361303
Augsburg	48.350	10.900	8	358989
Ad Diwaniyah	31.989	44.924	8	358408
Zanjan	36.670	48.500	8	357471
Encarnación	-27.347	-55.874	8	357119
Wafangdian	39.626	121.996	8	355844
Orizaba	18.850	-97.130	8	355333
Rahim Yar Khan	28.420	70.295	8	353203
Evanston	42.048	-87.700	8	350000
Yumen	39.830	97.730	8	350000
Muzaffarnagar	29.485	77.695	8	349706
Sanandaj	35.300	47.020	8	349176
London	42.970	-81.250	8	346765
Maebashi	36.393	139.073	8	344871
Kohat	33.603	71.433	8	343027
Piracicaba	-22.730	-47.641	8	342209
Corrientes	-27.490	-58.810	8	340823
Kōriyama	37.410	140.380	8	340560
Plovdiv	42.154	24.754	8	340494
Irapuato	20.676	-101.351	8	339554
Kaesong	37.964	126.564	8	338155
Kawagoe	35.918	139.491	8	337931
Lalitpur	27.667	85.333	8	337785
Gijón	43.530	-5.670	8	335972
Salem	42.522	-70.883	8	335509
Takamatsu	34.345	134.045	8	334223
Sanford	28.790	-81.280	8	333460
Toyama	36.700	137.230	8	332812
Hangu	39.232	117.777	8	332793
Bielefeld	52.030	8.530	8	331906
Mathura	27.500	77.670	8	330511
Baishan	41.900	126.430	8	330000
Itu	-23.260	-47.300	8	320170
Rohtak	28.900	76.580	8	317245
Qurghonteppa	37.837	68.771	8	311574
Galați	45.456	28.046	8	311156
Durham	36.000	-78.920	8	309495
Valledupar	10.480	-73.250	8	308237
Chernihiv	51.505	31.302	8	307684
Firozabad	27.150	78.395	8	306409
Los Teques	10.420	-67.020	8	303470
Mengzi	23.362	103.406	8	303341
Ganca	40.685	46.350	8	303268
Chemnitz	50.830	12.920	8	302643
Gujrat	32.580	74.080	8	301506
Mardan	34.200	72.040	8	300424
Al Mubarraz	25.429	49.566	8	298562
Riverside	33.942	-117.398	8	297554
Ar Ramadi	33.420	43.300	8	295121
Swansea	51.630	-3.950	8	294339
Blumenau	-26.920	-49.090	8	293949
Hulan Ergi	47.210	123.610	8	289999
Kassel	51.300	9.500	8	289924
Huizhou	23.080	114.400	8	289201
Talcahuano	-36.717	-73.117	8	288074
Barlett	35.223	-89.841	8	286423
Barinas	8.600	-70.250	8	284289
Iksan	35.941	126.945	8	283501
Al Khalil	31.541	35.096	8	280321
Rize	41.021	40.522	8	279450
Sumqayt	40.580	49.630	8	279159
Taganrog	47.230	38.920	8	279056
Elâzığ	38.680	39.230	8	271492
Yanbu al Bahr	24.094	38.049	8	267590
Melbourne	28.083	-80.608	8	265414
Paraná	-31.733	-60.533	8	262295
Az Aubayr	30.389	47.708	8	262219
Cabo Frio	-22.890	-42.040	8	261721
Konibodom	40.292	70.427	8	259876
Rockford	42.270	-89.070	8	255978
Chuxiong	25.036	101.546	8	254370
Borujerd	33.920	48.800	8	251958
Linhai	28.850	121.120	8	251759
Sonipat	29.000	77.020	8	250521
Iwo	7.630	4.180	8	250443
Coral Springs	26.271	-80.271	8	250000
Caserta	41.060	14.337	8	250000
Como	45.810	9.080	8	250000
Waukesha	43.012	-88.231	8	249912
Várzea Grande	-15.650	-56.140	8	249752
Melun	48.533	2.667	8	249432
Kattaqorgon	39.901	66.261	8	247113
San Bernardo	-33.600	-70.700	8	246762
Shimonoseki	33.965	130.945	8	245786
Braunschweig	52.250	10.500	8	244715
Wonju	37.355	127.940	8	243387
Hapur	28.744	77.763	8	242920
South Bend	41.683	-86.250	8	239822
Fürth	49.470	11.000	8	237844
Sylhet	24.904	91.874	8	237000
Sahiwal	30.672	73.112	8	235695
Ibb	13.976	44.171	8	234837
Santa Ana	-13.760	-65.580	8	234478
Clermont-Ferrand	45.780	3.080	8	233050
Hetauda	27.417	85.033	8	232334
Beipiao	41.810	120.760	8	228515
Quillacollo	-17.400	-66.280	8	227052
Chuncheon	37.875	127.734	8	226509
Kolpino	59.730	30.650	8	225801
Vitoria	42.850	-2.670	8	224578
Neyshabur	36.220	58.820	8	221700
Denow	38.277	67.887	8	217274
Oradea	47.050	21.920	8	213830
Marília	-22.210	-49.950	8	212218
Presidente Prudente	-22.120	-51.390	8	209502
Lancaster	40.038	-76.306	8	209489
Sanming	26.230	117.580	8	209444
Bojnurd	37.470	57.320	8	208582
Beer Sheva	31.250	34.830	8	206408
São Carlos	-22.020	-47.890	8	205035
Appleton	44.269	-88.401	8	203665
Guaratinguetá	-22.820	-45.190	8	203580
Erfurt	50.970	11.030	8	203254
Timon	-5.115	-42.845	8	203157
Chiniot	31.720	72.980	8	201781
San Miguel	13.483	-88.183	8	201563
Bila Tserkva	49.774	30.131	8	199163
Aydın	37.850	27.850	8	198857
Huangyan	28.650	121.250	8	198713
Bulandshahr	28.410	77.848	8	198612
Gurgaon	28.450	77.020	8	197340
Cartago	9.870	-83.930	8	196946
Iskandar	41.551	69.681	8	195633
Al Jahra	29.337	47.658	8	194193
Ciudad Madero	22.319	-97.836	8	192736
Barrancabermeja	7.090	-73.850	8	191403
Dhamar	14.557	44.387	8	191259
Valera	9.320	-70.620	8	191167
Bhiwani	28.810	76.125	8	190855
Syzran	53.170	48.480	8	189338
Angers	47.480	-0.530	8	188380
Cachoeiro de Itapemirim	-20.850	-41.130	8	187019
Manpo	41.145	126.296	8	186827
Olsztyn	53.773	20.486	8	186670
San Cristobal de Las Casas	16.750	-92.633	8	186661
Marbella	36.517	-4.883	8	186131
Kütahya	39.420	29.930	8	185008
Kramatorsk	48.719	37.534	8	184105
Kutaisi	42.250	42.730	8	183945
Corum	40.520	34.950	8	183418
Mataró	41.540	2.450	8	183293
Bhusawal	21.020	75.830	8	183001
Chilpancingo	17.550	-99.500	8	182387
Anda	46.400	125.320	8	181533
Reggio di Calabria	38.115	15.641	8	180353
Rio Claro	-22.410	-47.560	8	180147
Tangail	24.250	89.920	8	180144
Varamin	35.317	51.647	8	179603
Sangolquí	-0.310	-78.460	8	178582
Treviso	45.670	12.240	8	177309
Nyíregyháza	47.965	21.719	8	176880
Malayer	34.320	48.850	8	176573
Modena	44.650	10.920	8	175502
Sirjan	29.470	55.730	8	175000
Waterbury	41.550	-73.050	8	174236
Saida	33.563	35.369	8	173894
Simla	31.100	77.167	8	173503
Isparta	37.770	30.530	8	172334
Prizren	42.229	20.750	8	171464
Kragujevac	44.020	20.920	8	171197
Poughkeepsie	41.700	-73.921	8	170996
Rijeka	45.330	14.450	8	170992
Takaoka	36.670	137.000	8	170077
Barra Mansa	-22.560	-44.170	8	169386
Arad	46.170	21.320	8	169065
Sonsonate	13.720	-89.730	8	168947
Baranavichy	53.137	26.013	8	168772
Chirchiq	41.455	69.560	8	167842
Oldenburg	53.130	8.220	8	167458
Novocherkassk	47.420	40.080	8	166974
Ocumare del Tuy	10.120	-66.780	8	166072
San Fernando	10.280	-61.459	8	166039
Rock Island	41.493	-90.535	8	165728
Carpina	-7.847	-35.254	8	165579
Elbasan	41.122	20.084	8	165010
Nantou	23.917	120.683	8	165000
Sitapur	27.552	80.683	8	164435
Zenica	44.220	17.920	8	164423
La Vega	19.217	-70.517	8	163197
Ash Shatrah	31.418	46.177	8	161949
Budaun	28.030	79.090	8	161555
Punta del Este	-34.970	-54.950	8	159000
Rio Largo	-9.480	-35.840	8	158545
Maykop	44.610	40.120	8	158451
Hoshiarpur	31.520	75.980	8	158142
Sobral	-3.690	-40.350	8	157996
Sibiu	45.797	24.137	8	155565
Gyeongju	35.843	129.212	8	155237
Masjed Soleyman	31.980	49.300	8	153663
Nusaybin	37.075	41.218	8	152668
San Francisco de Macorís	19.300	-70.250	8	152538
Novokuybishevsk	53.120	49.920	8	152334
Deyang	31.133	104.400	8	152194
Guanare	9.050	-69.750	8	151642
Paterson	40.920	-74.170	8	151205
Guarapuava	-25.380	-51.480	8	150850
Uzhgorod	48.630	22.250	8	150832
Yilan	24.750	121.750	8	150000
National City	32.672	-117.098	8	150000
Carora	10.190	-70.080	8	149711
Elkhart	41.683	-85.969	8	149190
Gyumri	40.789	43.847	8	148381
Independence	39.091	-94.415	8	148102
Kolomna	55.080	38.785	8	147690
San Juan del Río	20.380	-100.000	8	147559
Aix-en-Provence	43.520	5.450	8	146821
Ambala	30.377	76.792	8	146787
Bryan	30.674	-96.370	8	146692
Perpignan	42.700	2.900	8	146620
Poços de Caldas	-21.780	-46.570	8	146588
Vallejo	38.112	-122.258	8	146289
Cabo de Santo Agostinho	-8.290	-35.030	8	146219
Biarritz	43.473	-1.562	8	145348
Székesfehérvár	47.195	18.408	8	144319
Sarnia	42.967	-82.400	8	144172
Macaé	-22.380	-41.790	8	143029
Pyatigorsk	44.080	43.090	8	142865
Arzamas	55.400	43.800	8	142597
Ciego de Ávila	21.840	-78.762	8	142027
Paranaguá	-25.528	-48.534	8	141013
As Salt	32.039	35.727	8	140689
Orekhovo-Zuevo	55.820	38.980	8	140247
Sherbrooke	45.400	-71.900	8	139652
Zalantun	48.000	122.720	8	138032
León	42.580	-5.570	8	136227
New Bedford	41.656	-70.945	8	136082
May Pen	17.967	-77.233	8	135142
Cartago	4.750	-75.910	8	134827
Nevinnomyssk	44.620	41.950	8	134380
Lafayette	40.417	-86.878	8	133977
Šiauliai	55.939	23.325	8	133528
Kislovodsk	43.910	42.720	8	132771
San Luis	16.200	-89.440	8	132470
Pindamonhangaba	-22.920	-45.470	8	132218
Shahrud	36.423	54.963	8	131889
Opole	50.685	17.931	8	131412
Pilibhit	28.640	79.810	8	131008
Novomoskovsk	54.011	38.289	8	130982
Buzău	45.157	26.807	8	130954
Girardot	4.310	-74.810	8	130289
Jaraguá do Sul	-26.480	-49.100	8	130130
Idlib	35.930	36.632	8	128840
Karabük	41.200	32.600	8	128564
Besançon	47.230	6.030	8	128426
Al Hasakah	36.483	40.750	8	128100
San Nicolas	-33.330	-60.240	8	127742
Bragança Paulista	-22.953	-46.533	8	127676
Elbląg	54.154	19.403	8	127558
Panevežys	55.740	24.370	8	127405
Hathras	27.600	78.050	8	126882
Sogamoso	5.720	-72.940	8	126551
Carúpano	10.670	-63.230	8	126293
Itapetininga	-23.590	-48.040	8	126243
Tengchong	25.033	98.467	8	126058
Greeley	40.419	-104.740	8	125410
Marv Dasht	29.801	52.821	8	125000
Drohobych	49.344	23.499	8	124269
Spartanburg	34.949	-81.932	8	124126
Barbacena	-21.220	-43.770	8	122211
Southaven	34.969	-90.003	8	121268
New Albany	38.311	-85.821	8	120625
Manbij	36.527	37.956	8	120169
Beaver Falls	40.752	-80.319	8	120125
Tetovo	42.009	20.970	8	119132
Udine	46.070	13.240	8	119009
Petersburg	37.228	-77.402	8	118577
Berdyansk	46.757	36.787	8	118284
Anaco	9.440	-64.460	8	117596
San Martín	-33.070	-68.490	8	117399
Columbia	35.615	-87.035	8	116091
Yelets	52.580	38.500	8	115919
Pouso Alegre	-22.220	-45.940	8	115201
Ciudad Valles	21.980	-99.020	8	114964
Spring Hill	28.479	-82.548	8	114697
Kamyanets-Podilskyy	48.684	26.581	8	114658
Kecskemét	46.900	19.700	8	113895
Santa Cruz do Sul	-29.710	-52.440	8	113625
Tokmak	42.830	75.285	8	112860
Nefteyugansk	61.092	72.608	8	112632
Iguala	18.370	-99.540	8	112106
Conselheiro Lafaiete	-20.670	-43.790	8	111596
Algeciras	36.132	-5.453	8	111027
Volos	39.370	22.950	8	110632
Harlingen	26.198	-97.690	8	110339
Bataysk	47.137	39.745	8	109962
Dali	34.795	109.938	8	109696
Catanduva	-21.140	-48.980	8	109612
Szombathely	47.225	16.629	8	109518
Sergiyev Posad	56.330	38.170	8	109252
Leninsk Kuznetsky	54.660	86.170	8	109023
Winter Haven	28.022	-81.733	8	108932
Oktyabrskiy	54.460	53.460	8	108200
Estelí	13.090	-86.360	8	107839
Barletta	41.320	16.270	8	107830
Escuintla	15.330	-92.630	8	107638
Koszalin	54.200	16.183	8	107450
Västerås	59.609	16.558	8	107194
Chapayevsk	52.974	49.724	8	107164
Apucarana	-23.550	-51.470	8	107085
Douliou	23.707	120.544	8	106653
Drobeta-Turnu Severin	44.646	22.666	8	106578
Novotroitsk	51.200	58.330	8	106186
Suceava	47.638	26.259	8	105796
Annecy	45.900	6.117	8	105749
Focșani	45.697	27.187	8	105112
Al Qamishli	37.030	41.230	8	104107
Kiselevsk	54.000	86.640	8	104000
Ahar	38.483	47.063	8	103639
Konotop	51.242	33.209	8	103547
Hidalgo del Parral	26.933	-105.667	8	103378
Palma Soriano	20.217	-75.999	8	102826
Kennewick	46.211	-119.136	8	102504
Lower Hutt	-41.204	174.912	8	102400
Liberec	50.800	15.080	8	102175
Maladzyechna	54.319	26.865	8	101300
Olomouc	49.587	17.257	8	101268
Barretos	-20.550	-48.580	8	101220
Vanadzor	40.813	44.488	8	101098
Novara	45.450	8.620	8	100910
Solikamsk	59.670	56.750	8	100812
Magangué	9.230	-74.740	8	100313
Panama City	30.159	-85.655	8	100072
Subotica	46.070	19.680	8	100000
Urgut	39.401	67.261	8	99675
Zelenodolsk	55.848	48.497	8	99600
Novoshakhtinsk	47.770	39.920	8	99478
České Budějovice	48.980	14.460	8	98851
Passos	-20.710	-46.610	8	98752
Iowa City	41.661	-91.530	8	98516
Apatzingán	19.080	-102.350	8	98422
Iseyin	7.970	3.590	8	98071
Atlixco	18.900	-98.450	8	97842
Ourinhos	-22.970	-49.870	8	97799
Slavonski Brod	45.160	18.016	8	97718
Trindade	-16.650	-49.500	8	97521
Arapongas	-23.410	-51.430	8	97512
Az Zahran	26.291	50.158	8	97446
Araguari	-18.640	-48.200	8	96565
Sliven	42.679	26.330	8	96368
New London	41.356	-72.100	8	96178
Erechim	-27.630	-52.270	8	96087
Guliston	40.496	68.791	8	95520
Ponta Porã	-22.530	-55.730	8	94331
Tatuí	-23.350	-47.860	8	93580
Michurinsk	52.900	40.500	8	93499
Trelew	-43.250	-65.330	8	93442
Daan	45.500	124.300	8	93297
Polatlı	39.584	32.147	8	93262
Sheberghan	36.658	65.738	8	93241
Kineshma	57.470	42.130	8	92983
Coronel	-37.030	-73.160	8	92940
Lawrence	38.960	-95.255	8	92726
Tulcea	45.199	28.797	8	92475
Villa María	-32.410	-63.260	8	92453
Tubarão	-28.480	-49.020	8	92275
Danjiangkou	32.520	111.500	8	92008
Bugulma	54.554	52.794	8	91900
Muriaé	-21.130	-42.390	8	91173
Lüleburgaz	41.407	27.355	8	90899
Itanhaem	-24.180	-46.800	8	90385
Kirovo-Chepetsk	58.554	50.044	8	90252
Santana do Livramento	-30.880	-55.530	8	89694
Vlorë	40.477	19.498	8	89546
Chester	53.186	-2.903	8	89531
Valle de la Pascua	9.210	-66.020	8	89080
Rafaela	-31.250	-61.500	8	88713
Chosica	-11.930	-76.710	8	88606
Brovary	50.494	30.781	8	88506
Nova Lima	-19.980	-43.850	8	88399
Qal at Bishah	20.009	42.599	8	88291
Brusque	-27.130	-48.930	8	88284
Coronel Oviedo	-25.450	-56.440	8	88101
Madinat ath Thawrah	35.837	38.548	8	87880
Uman	48.754	30.211	8	87658
La Crosse	43.801	-91.239	8	87381
Shumen	43.270	26.929	8	87283
Shchekino	54.014	37.514	8	86088
Baytown	29.756	-94.968	8	86034
Homestead	25.468	-80.478	8	85967
Poitier	46.583	0.333	8	85960
Paulo Afonso	-9.403	-38.222	8	85350
Ituiutaba	-18.970	-49.460	8	85345
Cáceres	-16.050	-57.510	8	85274
Springfield	39.920	-83.800	8	84576
Slidell	30.275	-89.781	8	84239
Lake Charles	30.226	-93.217	8	83821
Anzhero Sudzhensk	56.080	86.040	8	83692
Peterborough	44.300	-78.333	8	83627
Yacuíba	-22.030	-63.700	8	82803
Wiener Neustadt	47.816	16.250	8	82762
Pernik	42.610	23.023	8	82467
Banská Bystrica	48.733	19.150	8	82336
Kanoya	31.383	130.850	8	82335
Polatsk	55.489	28.786	8	82258
Presidencia Roque Saenz Pena	-26.790	-60.450	8	81879
Campana	-34.160	-58.960	8	81612
Annapolis	38.978	-76.492	8	81300
Avaré	-23.110	-48.930	8	81285
Asbest	57.023	61.458	8	81248
Linares	-35.851	-71.591	8	81015
Klin	56.343	36.699	8	80778
Huacho	-11.110	-77.620	8	80474
Jabal Ali	24.976	55.011	8	80000
Ciudad Mante	22.733	-98.950	8	79981
Eau Claire	44.811	-91.498	8	79740
Quillota	-32.880	-71.260	8	79686
Hagerstown	39.642	-77.720	8	79662
Kropotkin	45.447	40.582	8	79599
Inowrocław	52.780	18.250	8	79007
Hania	35.512	24.016	8	78728
Três Lagoas	-20.790	-51.720	8	78712
Biel	47.167	7.250	8	78708
Altoona	40.519	-78.395	8	78607
São João del Rei	-21.130	-44.250	8	78592
St.-Jerome	45.767	-74.000	8	78439
Gangtok	27.333	88.617	8	77900
Mansfield	40.758	-82.516	8	77768
Linkou	45.282	130.252	8	77754
Hakkâri	37.574	43.741	8	77699
Johnson City	36.313	-82.354	8	77538
Itaúna	-20.060	-44.570	8	77400
Pori	61.479	21.775	8	76772
São João da Boa Vista	-21.980	-46.790	8	76540
Al Musayyib	32.779	44.290	8	76454
Dover	39.158	-75.525	8	76039
Longview	32.501	-94.740	8	75920
Kamensk Shakhtinskiy	48.332	40.252	8	75814
Cachoeira do Sul	-30.030	-52.910	8	74694
Greenock	55.933	-4.750	8	74635
Kara Balta	42.831	73.886	8	74133
Auburn	32.610	-85.481	8	73929
Munchon	39.381	127.252	8	73619
Roanne	46.033	4.067	8	73315
Terre Haute	39.467	-87.414	8	73236
Tatvan	38.507	42.282	8	73222
General Roca	-39.020	-67.610	8	73212
Georgievsk	44.160	43.470	8	72649
Carlisle	54.880	-2.930	8	72633
Vratsa	43.210	23.563	8	71633
Chernogorsk	53.831	91.223	8	71582
Asti	44.930	8.210	8	71276
Anlu	31.270	113.670	8	71198
Sunshine Coast	-26.680	153.050	8	71043
Battle Creek	42.321	-85.180	8	70820
Baiquan	47.602	126.082	8	70472
Iguatu	-6.360	-39.300	8	70380
San Marcos	29.883	-97.941	8	70371
Texas City	29.411	-94.963	8	69914
Trnava	48.367	17.600	8	69785
Rio Verde	21.930	-99.980	8	69613
Villa Carlos Paz	-31.420	-64.500	8	69451
Jaboticabal	-21.250	-48.330	8	69394
Janesville	42.683	-89.022	8	69278
St. Charles	38.603	-76.939	8	69208
Azogues	-2.740	-78.840	8	69087
Jorhat	26.750	94.217	8	69033
Ragusa	36.930	14.730	8	68956
Güines	22.836	-82.028	8	68935
Al Ahmadi	29.077	48.084	8	68763
Borisoglebsk	51.369	42.089	8	68597
Bay City	43.594	-83.889	8	68549
Sabanalarga	10.640	-74.920	8	68535
Concepción del Uruguay	-32.480	-58.240	8	67895
Juchitan	16.430	-95.020	8	67637
Blacksburg	37.229	-80.414	8	67508
Santa Inês	-3.660	-45.390	8	67424
Tejen	37.379	60.496	8	67294
Jaltipan	17.940	-94.740	8	66998
Apatity	67.573	33.393	8	66907
Aleksin	54.514	37.094	8	66885
Las Heras	-32.825	-68.802	8	66663
Mansehra	34.342	73.197	8	66486
Leninogorsk	54.599	52.449	8	66263
Rio Negro	-26.100	-49.790	8	65597
Santo Ângelo	-28.300	-54.280	8	65420
Cobán	15.470	-90.380	8	65194
Krasnoturinsk	59.762	60.208	8	64878
Puerto Madryn	-42.770	-65.040	8	64555
Port Charlotte	27.000	-82.106	8	64279
Qinggang	46.690	126.100	8	64182
Arras	50.283	2.783	8	64165
Ciudad Hidalgo	19.680	-100.570	8	64154
Zrenjanin	45.379	20.399	8	64053
Caçador	-26.770	-51.020	8	63726
Catalão	-18.180	-47.950	8	63544
Rzhev	56.257	34.327	8	63414
Balakhna	56.494	43.594	8	63083
Sopore	34.300	74.467	8	63035
Tupã	-21.930	-50.520	8	62035
Parkersburg	39.267	-81.562	8	61935
Iskitim	54.651	83.287	8	61827
Marietta	33.956	-84.543	8	61360
Coburg	50.267	10.967	8	61054
Tartagal	-22.550	-63.810	8	60819
Canela	-29.360	-50.810	8	60806
San Fernando	-34.580	-70.990	8	60746
Shuya	56.854	41.364	8	60705
Pirassununga	-21.990	-47.430	8	60413
Khujayli	42.405	59.452	8	60401
Caratinga	-19.790	-42.140	8	60066
Crotone	39.083	17.123	8	60010
Linares	38.083	-3.633	8	59761
Itapetinga	-15.250	-40.250	8	59721
Drummondville	45.883	-72.483	8	59489
Carazinho	-28.290	-52.800	8	59417
San Felipe	-32.750	-70.720	8	59294
Kavala	40.941	24.402	8	59240
San Francisco	-31.430	-62.090	8	59062
Telêmaco Borba	-24.330	-50.620	8	58880
Arsenyev	44.162	133.282	8	58700
Dalton	34.770	-84.970	8	58557
Benton Harbor	42.117	-86.454	8	58382
Rocky Mount	35.938	-77.791	8	58361
Suileng	47.246	127.106	8	57789
Kingsport	36.548	-82.562	8	57467
Kentau	43.517	68.520	8	57408
Punta Alta	-38.880	-62.080	8	57209
Arcoverde	-8.420	-37.070	8	57163
Manhattan	39.194	-96.592	8	56949
Williamsport	41.241	-77.001	8	56877
Formiga	-20.460	-45.430	8	56404
Pol-e Khomri	35.951	68.701	8	56369
Mankato	44.164	-93.999	8	56325
Lake Havasu City	34.498	-114.308	8	56133
Springfield	44.052	-122.978	8	56032
Changling	44.270	123.990	8	55841
Saratoga Springs	43.083	-73.785	8	55793
Parachinar	33.899	70.101	8	55685
Maldonado	-34.910	-54.960	8	55478
São Gabriel	-30.320	-54.320	8	55434
Placetas	22.316	-79.655	8	55408
Concórdia	-27.230	-52.030	8	55367
São José de Ribamar	-2.550	-44.070	8	55265
Karlovac	45.487	15.548	8	55063
Tarbes	43.233	0.083	8	54854
Juigalpa	12.110	-85.380	8	54731
Chivilcoy	-34.900	-60.040	8	54514
Penápolis	-21.410	-50.080	8	54477
Tacuarembó	-31.710	-55.980	8	54277
Ash Shihr	14.759	49.609	8	54274
Illichivsk	46.300	30.667	8	54102
Severomorsk	69.073	33.423	8	53921
Vyshnniy Volochek	57.583	34.563	8	53800
Yevlax	40.617	47.150	8	53716
Sheboygan	43.751	-87.714	8	53705
Buguruslan	53.663	52.433	8	53511
Registro	-24.490	-47.840	8	53273
St.-Brieuc	48.517	-2.783	8	53223
Qingan	46.872	127.512	8	53206
Alexandroupoli	40.849	25.874	8	52979
Mercedes	-34.660	-59.440	8	52949
Porirua	-41.122	174.852	8	52500
Naryn	41.426	75.991	8	52300
Batatais	-20.890	-47.590	8	51976
Chilliwack	49.167	-121.950	8	51942
Emden	53.367	7.217	8	51526
Tarma	-11.410	-75.730	8	51350
Jutiapa	14.290	-89.900	8	50681
Arjona	10.260	-75.350	8	50405
Ferreñafe	-6.630	-79.800	8	50184
Puzi	23.461	120.242	8	50000
Leesburg	28.811	-81.883	8	49574
Quixadá	-4.970	-39.020	8	49328
Ruzayevka	54.064	44.924	8	49311
Waterford	52.258	-7.112	8	49275
Mollendo	-17.020	-72.020	8	49033
Changyon	38.252	125.102	8	48984
Lancaster	39.719	-82.605	8	48829
Palm Coast	29.538	-81.223	8	48577
Serdar	38.976	56.278	8	48458
Muğla	37.216	28.364	8	48183
Guaxupé	-21.290	-46.710	8	47889
Cutral Có	-38.940	-69.240	8	47814
Capanema	-1.190	-47.180	8	47766
Alayat Samail	23.303	57.978	8	47718
Autlan	19.770	-104.370	8	47669
Stillwater	36.135	-97.068	8	47667
San Lorenzo	-28.120	-58.770	8	47626
Tres Arroyos	-38.370	-60.270	8	47136
Nacaome	13.530	-87.490	8	47000
Leopoldina	-21.530	-42.640	8	46742
Pittsfield	42.448	-73.260	8	46230
Enid	36.396	-97.878	8	46138
Kohtla-Järve	59.400	27.283	8	46060
Apsheronsk	44.469	39.729	8	45876
New Braunfels	29.698	-98.126	8	45840
Irati	-25.470	-50.660	8	45830
Mozdok	43.754	44.654	8	45702
Grand Island	40.922	-98.358	8	45651
Joliette	46.033	-73.433	8	45361
Florence	34.800	-87.677	8	45349
Shebekino	50.414	36.894	8	45194
Chernyakhovsk	54.632	21.811	8	45187
Angol	-37.802	-72.705	8	44856
Delano	35.762	-119.243	8	44757
Casa Grande	32.879	-111.757	8	44655
Camocim	-2.900	-40.850	8	44481
Hutchinson	38.065	-97.923	8	44477
Umm al Qaywayn	25.565	55.553	8	44411
Richmond	39.829	-84.890	8	44400
Roskilde	55.650	12.083	8	44285
Villa Constitución	-33.230	-60.350	8	44271
Chitré	7.970	-80.420	8	44082
Inhumas	-16.360	-49.500	8	44058
Alapayevsk	57.847	61.692	8	44000
Belleville	44.167	-77.383	8	43990
Salinas	-2.200	-80.980	8	43862
Novozybkov	52.535	31.945	8	43534
Araranguá	-28.940	-49.500	8	43444
Farmington	36.754	-108.186	8	43278
Genhe	50.783	121.517	8	42849
San Antonio de los Baños	22.891	-82.499	8	42724
Canindé	-4.350	-39.310	8	42720
Montemorelos	25.190	-99.840	8	42640
Harrisonburg	38.449	-78.869	8	42538
Famagusta	35.125	33.950	8	42526
Partizansk	43.135	133.135	8	42489
Meridian	32.364	-88.704	8	42290
Castro	-24.790	-50.010	8	42091
Brumado	-14.210	-41.670	8	41989
Artigas	-30.416	-56.486	8	41909
Canoinhas	-26.180	-50.400	8	41498
Jaguaquara	-13.530	-39.970	8	41498
Salisbury	35.671	-80.474	8	41352
Garça	-22.220	-49.660	8	41302
Minas	-34.370	-55.230	8	41180
Palmeira dos Índios	-9.417	-36.617	8	41095
Frutal	-20.030	-48.940	8	40931
Buzmeyin	38.052	58.210	8	40813
Cape Girardeau	37.306	-89.518	8	40427
Huaura	-11.060	-77.600	8	40400
Alta Gracia	-31.660	-64.430	8	40384
Orongen Zizhiqi	50.567	123.717	8	40128
Zanesville	39.940	-82.013	8	40052
Hanggin Houqi	40.885	107.140	8	39954
Ciudad Constitución	25.040	-111.660	8	39915
Laguna	-28.480	-48.780	8	39711
Russas	-4.940	-37.980	8	39465
Borlänge	60.483	15.417	8	39422
Palmas	-26.480	-52.000	8	39150
Caibarién	22.516	-79.472	8	39140
Joaçaba	-27.170	-51.500	8	38876
Tskhinvali	42.232	43.975	8	38502
Rēzekne	56.500	27.317	8	38340
Marion	40.558	-85.659	8	38297
Chur	46.850	9.500	8	38293
Anbyon	39.028	127.519	8	38142
Nanuque	-17.840	-40.350	8	37824
Uglich	57.524	38.330	8	37732
New Iberia	30.004	-91.818	8	37540
Orillia	44.600	-79.417	8	37483
Diamantina	-18.240	-43.610	8	37343
Bowling Green	41.375	-83.651	8	37080
Rosário do Sul	-30.250	-54.920	8	36721
Nueva Rosita	27.950	-101.220	8	36642
Cristalina	-16.770	-47.610	8	36531
Zharkent	44.162	79.980	8	36496
Guaira	-24.090	-54.270	8	36426
Slantsy	59.112	28.075	8	36209
Severouralsk	60.157	59.962	8	36138
Guayaramerín	-10.830	-65.410	8	36008
Hopkinsville	36.865	-87.489	8	35604
Cleburne	32.352	-97.392	8	35545
Santa Rosa de Copán	14.770	-88.780	8	35529
Orangeburg	33.497	-80.862	8	35472
Esik	43.369	77.444	8	35319
Bell Ville	-32.600	-62.680	8	35105
Jacarezinho	-23.160	-49.980	8	35090
Itapecuru Mirim	-3.400	-44.360	8	34943
Viborg	56.433	9.400	8	34831
Viacha	-16.650	-68.300	8	34776
Nueve de Julio	-35.446	-60.890	8	34718
Osório	-29.880	-50.270	8	34628
Bartlesville	36.747	-95.981	8	34610
Chacabuco	-34.650	-60.490	8	34587
Morrinhos	-17.730	-49.110	8	34143
Túquerres	1.090	-77.620	8	33979
Vibo Valentia	38.667	16.100	8	33957
Verkhniy Ufaley	56.066	60.231	8	33879
Zaozernyy	55.962	94.703	8	33865
Dyatkovo	53.589	34.339	8	33527
La Oroya	-11.520	-75.940	8	33345
Gualeguay	-33.150	-59.340	8	33120
Kholmsk	47.047	142.062	8	32911
Lumberton	34.627	-79.012	8	32785
Galesburg	40.948	-90.371	8	32094
Sabinas Hidalgo	26.510	-100.180	8	32047
São Luiz Gonzaga	-28.410	-54.960	8	31798
La Grange	33.036	-85.032	8	31776
Campo Maior	-4.820	-42.180	8	31739
Villarica	-39.280	-72.230	8	31602
Kearney	40.701	-99.081	8	31553
Izaz	36.589	37.044	8	31534
Koneurgench	42.317	59.167	8	31400
Cauquenes	-35.975	-72.314	8	31362
Guasdualito	7.240	-70.740	8	30860
Huamachuco	-7.810	-78.050	8	30835
Curanilahue	-37.480	-73.340	8	30611
Presidente Dutra	-5.250	-44.520	8	30330
Grajau	-5.810	-46.150	8	30217
Ypacaraí	-25.410	-57.280	8	30150
Villa Ángela	-27.583	-60.717	8	30051
Casma	-9.440	-78.210	8	30000
Castro	-42.481	-73.762	8	29926
Iturama	-19.730	-50.200	8	29805
Mandali	33.744	45.546	8	29785
Lake City	30.190	-82.640	8	29395
Almenara	-16.170	-40.700	8	29333
Plattsburgh	44.695	-73.458	8	29238
Boaco	12.470	-85.660	8	29046
Laurel	31.697	-89.139	8	28841
Clarksburg	39.283	-80.337	8	28773
Penonome	8.510	-80.360	8	28766
Garden City	37.975	-100.864	8	28564
Ubaitaba	-14.300	-39.330	8	28375
Dalnerechensk	45.927	133.722	8	28300
Iporá	-16.450	-51.130	8	28254
Brainerd	46.358	-94.201	8	28187
Llallagua	-18.420	-66.640	8	28069
Guaranda	-1.610	-79.010	8	27866
Santa Vitória do Palmar	-33.520	-53.370	8	27775
Santa Cruz	-6.220	-36.030	8	27775
Treinta y Tres	-33.230	-54.380	8	27684
Silvassa	20.267	73.017	8	27359
Savonlinna	61.867	28.883	8	27353
Tonghua	41.680	125.750	8	27227
Shemonaikha	50.632	81.905	8	27176
Paso Robles	35.627	-120.690	8	27157
Coronel Suárez	-37.467	-61.917	8	27000
Sensuntepeque	13.880	-88.630	8	26989
Ft. Dodge	42.507	-94.180	8	26879
Miracema	-21.410	-42.200	8	26684
La Ligua	-32.460	-71.240	8	26665
Bakal	54.946	58.796	8	26559
Brockville	44.589	-75.695	8	26458
Tralee	52.267	-9.717	8	26384
Punata	-17.550	-65.840	8	26323
Pukekohe	-37.201	174.903	8	26300
La Unión	-40.290	-73.090	8	26298
Ottumwa	41.013	-92.415	8	25982
Pimenta Bueno	-11.640	-61.210	8	25762
Neiba	18.467	-71.417	8	25731
Lapa	-25.760	-49.730	8	25621
Faribault	44.290	-93.268	8	25376
São Lourenço do Sul	-31.370	-51.980	8	25340
Paraparaumu	-40.903	174.999	8	25263
Dolores	-36.330	-57.690	8	25190
Waterville	44.552	-69.646	8	25152
Victoria	-32.610	-60.180	8	25139
Ardmore	34.181	-97.129	8	24960
Puerto Varas	-41.330	-72.990	8	24958
Covilhã	40.283	-7.500	8	24828
Lincoln	-34.880	-61.540	8	24798
Veinticinco de Mayo	-35.430	-60.180	8	24668
Rouyn-Noranda	48.250	-79.033	8	24602
Angangxi	47.160	123.800	8	24317
Big Spring	32.243	-101.475	8	24122
Paraíso	18.400	-93.230	8	23830
Jardim	-21.480	-56.150	8	23780
Diu	20.720	70.990	8	23779
Wuchuan	41.096	111.441	8	23776
Guanhães	-18.780	-42.950	8	23727
Bogotol	56.216	89.518	8	23622
Paragould	36.057	-90.503	8	23450
Magdalena	30.626	-110.968	8	23359
Quaraí	-30.380	-56.460	8	23229
Lenger	42.190	69.880	8	23058
Tekax	20.200	-89.280	8	22806
Gjøvik	60.800	10.700	8	22719
Maracaju	-21.610	-55.180	8	22690
Alice	27.750	-98.070	8	22655
Owen Sound	44.565	-80.945	8	22625
Dawmat al Jandal	29.815	39.866	8	22583
Campoalegre	2.690	-75.330	8	22568
Crestview	30.754	-86.573	8	22403
Madisonville	37.333	-87.502	8	22294
San José del Guaviare	2.570	-72.640	8	22136
Kizel	59.064	57.634	8	22135
Itaberaí	-16.020	-49.810	8	22129
Mocoa	1.150	-76.630	8	22035
Toguchin	55.238	84.378	8	21886
McAlester	34.933	-95.766	8	21668
Barras	-4.250	-42.300	8	21597
Palatka	29.648	-81.651	8	21452
Hays	38.879	-99.322	8	21394
Portel	-1.950	-50.820	8	21315
Itupiranga	-5.120	-49.300	8	21301
Motul	21.100	-89.280	8	21253
Omagh	54.600	-7.300	8	21056
Boralday	43.334	76.829	8	20996
Brownwood	31.708	-98.982	8	20988
Petrovsk Zabaykalskiy	51.283	108.833	8	20889
Krasnouralsk	58.352	60.052	8	20571
Albert Lea	43.648	-93.369	8	20522
Atoyac	17.200	-100.430	8	20515
New Glasgow	45.583	-62.633	8	20322
Cañas	10.430	-85.100	8	20306
Zhosaly	45.488	64.078	8	20065
General Guemes	-24.667	-65.050	8	19828
Waycross	31.214	-82.355	8	19824
Tsetserleg	47.477	101.450	8	19812
Allende	28.330	-100.850	8	19636
Santa Cruz Cabrália	-16.280	-39.030	8	19545
Terrace	54.500	-128.583	8	19443
Polyarnyy	69.205	33.450	8	19200
Kirksville	40.194	-92.583	8	19193
Balcarce	-37.833	-58.250	8	18967
Paraguarí	-25.620	-57.160	8	18881
Centralia	46.716	-122.953	8	18880
Acatlan	18.200	-98.050	8	18879
Shangdu	41.549	113.534	8	18831
Sonsón	5.717	-75.317	8	18817
Nueva Imperial	-38.740	-72.960	8	18777
Ceres	-15.303	-49.605	8	18759
Vanino	49.087	140.242	8	18618
Cranbrook	49.517	-115.767	8	18610
Cholpon Ata	42.651	77.081	8	18595
Willmar	45.122	-95.043	8	18473
Santiago Ixcuintla	21.820	-105.220	8	18365
Alpena	45.062	-83.433	8	18330
Abaza	52.669	90.095	8	18094
Kirsanov	52.657	42.717	8	17975
Miahuatlán	16.330	-96.600	8	17632
Peto	20.130	-88.920	8	17607
Karokh	34.487	62.592	8	17484
25 de Mayo	-37.800	-67.683	8	17430
Eldorado	-26.200	-54.600	8	17365
Plast	54.369	60.809	8	17050
Las Vegas	35.597	-105.223	8	16998
Piñas	-3.670	-79.650	8	16981
Apodi	-5.650	-37.800	8	16757
Puerto López	4.090	-72.960	8	16678
Santa Lucía	-34.470	-56.400	8	16438
Rivière-du-Loup	47.833	-69.533	8	16403
Collipulli	-37.960	-72.430	8	16392
Kupina	54.359	77.274	8	16333
Deming	32.261	-107.756	8	16298
Iron Mountain	45.822	-88.064	8	16183
San Gabriel	0.610	-77.840	8	16066
Nikolayevsk	50.016	45.426	8	16044
Cliza	-17.590	-65.930	8	15816
Camrose	53.017	-112.817	8	15808
Hereford	34.822	-102.399	8	15675
Villa Hayes	-25.090	-57.530	8	15643
Loncoche	-39.370	-72.630	8	15590
Satipo	-11.260	-74.690	8	15532
Río Bueno	-40.340	-72.960	8	15456
Villa Unión	23.200	-106.230	8	15443
Cardenas	22.000	-99.670	8	15331
Cambridge	-37.889	175.470	8	15192
La Grande	45.325	-118.087	8	15004
Kok Yangak	41.031	73.206	8	15000
Tecpan	17.250	-100.680	8	14638
Livingston	15.831	-88.756	8	14350
Coronel Bogado	-27.170	-56.250	8	14297
Alausí	-2.190	-78.850	8	14294
Shilka	51.871	116.031	8	14132
Maqat	47.648	53.327	8	14082
Burley	42.536	-113.792	8	14042
Glenwood Springs	39.547	-107.325	8	14004
Lamas	-6.430	-76.520	8	13693
Motupe	-6.150	-79.710	8	13681
Muisne	0.610	-80.020	8	13393
Joaquín V. González	-25.083	-64.183	8	13376
Tokoroa	-38.225	175.870	8	13350
Paso de los Toros	-32.810	-56.510	8	13221
Tomah	43.985	-90.504	8	12997
Uyuni	-20.460	-66.830	8	12939
Tierra Amarilla	-27.480	-70.280	8	12888
Vicente Guerrero	30.764	-116.009	8	12829
Uglegorsk	49.083	142.033	8	12669
Calbuco	-41.761	-73.195	8	12490
Ontario	44.027	-116.962	8	12187
Corriverton	5.900	-57.170	8	12000
Balancán	17.800	-91.530	8	11895
Nacozari de García	30.420	-109.650	8	11872
Wetaskiwin	52.967	-113.383	8	11823
Ascensión	31.100	-107.980	8	11781
Rurrenabaque	-14.460	-67.560	8	11749
Vernon	34.151	-99.290	8	11660
Pichilemu	-34.380	-72.000	8	11603
Severnyy	67.608	64.123	8	11562
Portachuelo	-17.360	-63.400	8	11485
Humahuaca	-23.200	-65.350	8	11369
Loreto	26.013	-111.352	8	11227
Spencer	43.145	-95.147	8	11203
Villanueva	22.350	-102.880	8	11138
Hawera	-39.579	174.278	8	11100
Dangriga	16.970	-88.220	8	10750
Safford	32.834	-109.707	8	10668
Amos	48.567	-78.117	8	10516
Puquio	-14.700	-74.130	8	10491
Baie-Comeau	49.223	-68.158	8	10435
Canatlan	24.520	-104.780	8	10342
Hinton	53.400	-117.583	8	10265
Lonquimay	-38.433	-71.233	8	10237
Otuzco	-7.900	-78.570	8	10134
Eumseong	36.935	127.690	8	10077
Obluchye	49.000	131.083	8	10000
Gyangze	28.950	89.633	8	10000
Choele Choel	-39.267	-65.683	8	10000
Selkirk	50.150	-96.883	8	9986
Bocas del Toro	9.335	-82.247	8	9883
Gore	-46.095	168.960	8	9750
Aqadyr	48.275	72.860	8	9710
Fort William	56.816	-5.112	8	9652
Weyburn	49.667	-103.850	8	9362
San Pedro	-24.090	-57.080	8	9360
Amherst	45.817	-64.217	8	9336
Kapuskasing	49.417	-82.433	8	9240
Halachó	20.480	-90.080	8	9165
Shannon	52.704	-8.864	8	8781
Al Quwayiyah	24.074	45.281	8	8712
Crookston	47.774	-96.608	8	8653
Montpelier	44.260	-72.576	8	8538
Hilf	20.656	58.877	8	8500
Achacachi	-16.083	-68.667	8	8447
Alliance	42.101	-102.870	8	8344
Tillamook	45.455	-123.843	8	8145
Putina	-15.470	-69.430	8	8118
Almirante	9.300	-82.400	8	8114
San Juan Bautista	-26.680	-57.150	8	7882
London	37.129	-84.083	8	7844
Devils Lake	48.112	-98.860	8	7813
San Juan del Sur	11.250	-85.860	8	7790
Chosan	40.825	125.801	8	7786
Moengo	5.630	-54.410	8	7766
Richfield	38.772	-112.083	8	7621
Happy Valley - Goose Bay	53.300	-60.300	8	7572
Urubamba	-13.304	-72.117	8	7540
Tranqueras	-31.200	-55.750	8	7474
Osakarovka	50.580	72.570	8	7305
La Sarre	48.800	-79.200	8	7206
Bestobe	52.500	73.100	8	7189
Truth or Consequences	33.134	-107.253	8	7121
Pedro Luro	-39.483	-62.683	8	7100
Dalhart	36.061	-102.519	8	7088
Ironwood	46.456	-90.159	8	7064
Powell	44.759	-108.758	8	6895
Lander	42.833	-108.733	8	6821
Rosário	-2.940	-44.260	8	6798
Golfito	8.650	-83.150	8	6777
Thames	-37.138	175.585	8	6756
Houlton	46.126	-67.840	8	6703
Zixing	25.970	113.400	8	6618
Alpine	30.361	-103.665	8	6587
Childress	34.425	-100.214	8	6557
Quirihue	-36.280	-72.530	8	6529
Ingeniero Guillermo N. Juarez	-23.900	-61.850	8	6453
San Carlos	-17.400	-63.730	8	6353
Doctor Pedro P. Peña	-22.480	-62.300	8	6143
Puerto Baquerizo Moreno	-0.900	-89.600	8	6030
Chepes	-31.350	-66.600	8	6020
Mundybash	53.233	87.317	8	5870
Glendive	47.109	-104.710	8	5856
Kerikeri	-35.228	173.951	8	5856
Vegreville	53.500	-112.050	8	5813
Ingeniero Jacobacci	-41.300	-69.583	8	5719
Caazapá	-26.200	-56.380	8	5504
Stettler	52.333	-112.683	8	5494
Polson	47.688	-114.157	8	5326
28 de Noviembre	-51.589	-72.220	8	5300
New Liskeard	47.500	-79.667	8	5203
Kaitaia	-35.110	173.273	8	5202
Combarbalá	-31.180	-71.000	8	5134
Nephi	39.710	-111.835	8	5117
Wanaka	-44.698	169.145	8	5037
Nieuw Amsterdam	5.910	-55.070	8	4935
Betanzos	-19.560	-65.450	8	4847
Creston	49.100	-116.517	8	4816
Uncia	-18.470	-66.570	8	4723
Brownsweg	5.020	-55.170	8	4582
Abra Pampa	-22.717	-65.700	8	4480
Dillon	45.216	-112.684	8	4463
Hardin	45.732	-107.612	8	4448
Goodland	39.348	-101.711	8	4378
Liverpool	44.040	-64.720	8	4331
Melville	50.933	-102.800	8	4279
Comandante Fontana	-25.333	-59.683	8	4277
El Maitén	-42.050	-71.167	8	4269
Deer Lake	49.174	-57.427	8	4163
Santo Tomas	-14.460	-72.080	8	4134
Quime	-16.980	-67.220	8	4045
Vergara	-32.930	-53.950	8	3998
St-Augustin	51.242	-58.647	8	3961
Finnsnes	69.241	18.009	8	3907
Hay River	60.814	-115.788	8	3900
Kimhyonggwon	40.818	128.155	8	3839
Esperanza	27.580	-109.930	8	3836
La Ronge	55.100	-105.300	8	3783
Santa Bárbara	-37.670	-72.020	8	3494
Calais	45.166	-67.242	8	3306
Tonopah	38.067	-117.229	8	3261
Turangi	-38.989	175.814	8	3240
La Paloma	-34.670	-54.170	8	3230
Sinnamary	5.380	-52.960	8	3180
Arroyos y Esteros	-25.050	-57.090	8	3055
Central Coast	-33.420	151.300	8	3026
San Lorenzo	-21.480	-64.770	8	3000
Lac La Biche	54.772	-111.965	8	2986
General Conesa	-40.100	-64.433	8	2958
Picton	-41.281	174.017	8	2928
Samaipata	-18.180	-63.770	8	2926
Pampa del Infierno	-26.517	-61.167	8	2921
Nautla	20.217	-96.783	8	2890
Lead	44.351	-103.766	8	2874
Aiguá	-34.200	-54.750	8	2692
Entre Ríos	-21.530	-64.190	8	2685
Gimli	50.633	-97.000	8	2623
Rørvik	64.868	11.205	8	2615
Chumbicha	-28.867	-66.233	8	2572
Gobernador Gregores	-48.767	-70.250	8	2519
Baltasar Brum	-30.730	-57.320	8	2517
Donegal	54.650	-8.117	8	2513
Nauta	-4.570	-73.780	8	2500
Dillingham	59.057	-158.480	8	2488
Bourke	-30.100	145.933	8	2475
José Batlle y Ordóñez	-33.470	-55.120	8	2438
Tarabuco	-19.180	-64.920	8	2428
Baures	-13.580	-63.580	8	2422
White Sulphur Springs	37.794	-80.303	8	2407
Uspallata	-32.593	-69.346	8	2390
María Elena	-22.350	-69.670	8	2370
Toltén	-39.217	-73.212	8	2293
Roura	4.730	-52.330	8	2229
Puerto Villamil	-0.933	-91.017	8	2200
Sorata	-15.790	-68.660	8	2190
Van Horn	31.042	-104.832	8	2175
Kaikoura	-42.401	173.690	8	2172
Pozo Colorado	-23.430	-58.860	8	2135
Te Anau	-45.407	167.758	8	1857
Paso Río Mayo	-45.683	-70.267	8	1825
Puerto Villarroel	-16.870	-64.780	8	1778
Tofino	49.099	-125.862	8	1655
Trancas	-26.217	-65.283	8	1599
Alto Rio Sanguer	-45.033	-70.833	8	1548
Cap-Chat	49.100	-66.683	8	1484
Thessalon	46.250	-83.550	8	1464
Jaqué	7.519	-78.166	8	1357
Geraldton	49.722	-86.942	8	1290
Villa Rumipal	-32.183	-64.483	8	1269
Ñacunday	-26.020	-54.770	8	1250
Lavrentiya	65.583	-171.025	8	1242
Celeken	39.436	53.123	8	1206
Susques	-23.417	-66.483	8	1093
Talkeetna	62.324	-150.109	8	1078
Wallace	47.474	-115.927	8	1028
Sica Sica	-17.330	-67.730	8	1006
Altata	24.636	-107.916	8	1000
General Eugenio Alejandrino Garay	-20.520	-62.210	8	972
Cuevo	-20.450	-63.530	8	953
Berens River	52.367	-97.033	8	892
Baddeck	46.100	-60.754	8	852
Selawik	66.604	-160.009	8	832
Vatican City	41.903	12.453	8	832
La Scie	49.967	-55.583	8	817
Mountain Village	62.086	-163.729	8	755
Comallo	-41.033	-70.267	8	741
Natashquan	50.191	-61.811	8	722
Serebryansk	49.700	83.425	8	701
Sand Point	55.340	-160.497	8	667
Hall Beach	68.767	-81.236	8	654
Ype Jhu	-23.910	-55.460	8	600
Big Delta	64.153	-145.842	8	591
Tinogasta	-28.067	-67.567	8	587
Alofi	-19.066	-169.914	8	581
Mikhalkino	69.424	161.481	8	570
Mendocino	39.308	-123.799	8	548
Doline	65.183	-123.417	8	525
Atafu	-8.549	-172.498	8	524
Tournavista	-8.932	-74.705	8	511
Puerto Pinasco	-22.640	-57.790	8	500
Oymyakon	63.421	142.770	8	500
Schefferville	54.800	-66.817	8	471
Hopedale	55.450	-60.217	8	442
Pukatawagan	55.733	-101.317	8	431
Sherlovaya Gora	50.531	116.301	8	411
Comondante Luis Piedrabuena	-49.975	-68.903	8	410
Hydaburg	55.214	-132.801	8	382
Chonchi	-42.637	-73.794	8	381
Río Verde	-52.650	-71.467	8	358
Tununak	60.585	-165.256	8	352
Lethem	3.390	-59.800	8	352
Eastmain	52.233	-78.517	8	335
Oban	-46.888	168.167	8	310
Tanana	65.172	-152.079	8	308
Waitangi	-44.033	-176.351	8	300
Put Lenina	68.517	107.800	8	298
Enurmino	66.950	-171.817	8	297
Paulatuk	69.383	-123.983	8	294
Gubkin	51.274	37.384	8	272
Port-Menier	49.823	-64.348	8	263
Goodnews Bay	59.121	-161.587	8	230
Cantwell	63.392	-148.951	8	222
Atqasuk	70.469	-157.396	8	201
Meander River	59.033	-117.683	8	200
Port Hope Simpson	52.533	-56.300	8	197
Kaltag	64.327	-158.722	8	190
Whittier	60.784	-148.678	8	177
Tsiigehtchic	67.433	-133.750	8	175
Stony Rapids	59.267	-105.833	8	152
Kobuk	66.907	-156.881	8	151
Gulkana	62.271	-145.382	8	119
Perryville	55.919	-159.151	8	113
Sharbaqty	52.500	78.150	8	107
Salluit	62.183	-75.660	8	106
Eagle	64.788	-141.200	8	104
Port Heiden	56.949	-158.627	8	102
Lutselke	62.400	-110.733	8	102
Koyukuk	64.880	-157.701	8	101
Nyac	61.004	-159.940	8	100
Emmonak	62.777	-164.523	8	100
Ituni	5.430	-58.250	8	100
Mekoryuk	60.389	-166.190	8	99
Allakaket	66.565	-152.645	8	97
Teller	65.264	-166.361	8	83
Nenana	64.564	-149.093	8	75
Artigas Base	-62.174	-58.864	8	60
Lake Minchumina	63.883	-152.312	8	32
Cuya	-19.117	-70.133	8	20
Montana	62.080	-150.073	8	10
Zvëzdnyj	70.957	-179.590	8	10
Zemlya Bunge	74.898	142.105	8	10
Khorgo	73.483	113.630	8	10
Omchak	61.633	147.917	8	10
Pakhachi	60.582	169.050	8	10
Island Lake	53.967	-94.767	8	10
Big Beaver House	52.950	-89.883	8	10
Villa Martin	-20.767	-67.783	8	10
Chuquicamata	-22.320	-68.930	8	0
Raoul Island Station	-29.247	-177.926	8	0
Fortin Falcon	-23.050	-59.850	8	-99
Duhok	36.867	43.000	9	986000
Damaturu	11.749	11.966	9	255895
Pingzhen	24.944	121.216	9	201632
Zhubei	24.833	121.012	9	200000
Mainz	49.982	8.273	9	184997
Yangmei	24.917	121.150	9	175000
Bade	24.957	121.299	9	172065
Samarra	34.194	43.875	9	158508
Mangyshlak	43.690	51.142	9	147443
Awasa	7.060	38.477	9	133097
Masaya	11.969	-86.095	9	130113
Shahrekord	32.321	50.854	9	129153
Sakakah	30.000	40.133	9	128332
Yasuj	30.659	51.594	9	96786
Schwerin	53.633	11.417	9	96641
Hradec Králové	50.206	15.812	9	95195
Usti Nad Labem	50.663	14.081	9	94105
Nazran	43.233	44.783	9	93357
San Juan De Los Morros	9.901	-67.354	9	87739
Tulcán	0.822	-77.732	9	83000
San Carlos	9.658	-68.590	9	77192
San Felipe	10.336	-68.746	9	76766
Panaji	15.492	73.818	9	65586
Yopal	5.347	-72.406	9	61029
San Andrés	12.562	-81.690	9	58257
Jinotega	13.091	-86.000	9	51073
Mochudi	-24.377	26.152	9	39700
Al Bayda	13.979	45.574	9	37821
'Ataq	14.550	46.800	9	37315
La Asunción	11.033	-63.883	9	35084
Taibao	23.450	120.333	9	35000
Jinotepe	11.846	-86.195	9	29507
Puyo	-1.483	-77.987	9	24881
Heredia	9.992	-84.120	9	21947
Caacupé	-25.387	-57.140	9	21696
Mobaye	4.320	21.180	9	19431
Laï	9.395	16.305	9	19382
Dutse	11.799	9.350	9	17129
El Cayo	17.156	-89.061	9	16977
Marib	15.421	45.334	9	16794
Ust' Ordynskiy	52.833	104.700	9	14538
San Carlos	11.189	-84.776	9	13451
Leninobod	39.750	69.000	9	11468
Greymouth	-42.472	171.223	9	10100
Gore	8.149	35.537	9	9352
Corozal	18.398	-88.388	9	8724
Aleg	17.058	-13.909	9	8388
Bentiu	9.233	29.833	9	7653
Roatán	16.330	-86.519	9	7514
Fderik	22.679	-12.707	9	5760
Turgay	49.626	63.499	9	5277
Klaksvík	62.237	-6.539	9	4664
Groningen	5.797	-55.481	9	3216
Mariscal Estigarribia	-22.030	-60.610	9	2500
Onverwacht	5.600	-55.200	9	2105
Borgarnes	64.570	-21.862	9	1783
Akjoujt	19.747	-14.391	9	370
El Porvenir	9.542	-78.972	9	10
Uyo	5.036	7.916	10	554906
Shah Alam	3.067	101.550	10	481654
Sakarya	40.767	30.400	10	286787
Zagazig	30.583	31.517	10	285097
Umuahia	5.532	7.486	10	264662
Thu Dau Mot	10.969	106.653	10	244277
Gueckedou	8.554	-10.151	10	221715
Owerri	5.493	7.026	10	215038
Brăila	45.292	27.969	10	213569
Thái Bình	20.450	106.333	10	210000
Lashkar Gah	31.583	64.360	10	201546
Shibin el Kom	30.554	31.007	10	182900
Ceerigaabo	10.583	47.333	10	180000
Benha	30.467	31.183	10	167029
Hawalli	29.333	48.000	10	164212
Taunggyi	20.782	97.038	10	160115
Sariwon	38.507	125.762	10	154942
Antakya	36.233	36.117	10	154803
San Cristóbal	18.416	-70.109	10	154040
Pattani	6.864	101.250	10	150000
M'sila	35.700	4.545	10	150000
Cao Lãnh	10.467	105.636	10	149837
Lạng Sơn	21.846	106.757	10	148000
Jijel	36.822	5.766	10	148000
El Progreso	14.922	-90.016	10	147197
Dar'a	32.625	36.105	10	146481
Tizi-Ouzou	36.712	4.046	10	144000
Kafr el Sheikh	31.109	30.936	10	143970
Arnhem	51.988	5.923	10	141674
Bordj Bou Arréridj	36.078	4.765	10	140000
's-Hertogenbosch	51.683	5.317	10	134520
Tra Vinh	9.934	106.334	10	131360
Tokat	40.306	36.563	10	129702
Divo	5.839	-5.360	10	127867
Tây Ninh	11.323	106.147	10	126370
Nueva San Salvador	13.674	-89.290	10	124694
Higuey	18.616	-68.708	10	123787
Guelma	36.466	7.428	10	123590
Maastricht	50.853	5.677	10	122378
Puerto Plata	19.790	-70.690	10	119897
Nakhon Pathom	13.818	100.064	10	117927
Siirt	37.944	41.933	10	114034
Bærum	59.913	11.347	10	113659
Satu Mare	47.792	22.885	10	112490
Zwolle	52.524	6.097	10	111805
Manzini	-26.495	31.388	10	110537
Trincomalee	8.569	81.233	10	108420
Rimnicu Vilcea	45.110	24.383	10	107558
Vĩnh Long	10.256	105.964	10	103314
Piatra-Neamt	46.940	26.383	10	102688
Oum el Bouaghi	35.850	7.150	10	100821
Giresun	40.913	38.390	10	98864
L'Ariana	36.867	10.200	10	97687
Târgu Jiu	45.045	23.274	10	97179
Yên Bái	21.705	104.875	10	96540
Half Way Tree	18.033	-76.800	10	96494
Kırşehir	39.142	34.171	10	94336
Dhangarhi	28.695	80.593	10	92294
Mons	50.446	3.939	10	91277
Niğde	37.976	34.694	10	91039
Buea	4.155	9.231	10	90088
Târgoviște	44.938	25.459	10	88435
Yozgat	39.818	34.815	10	87881
Lokossa	6.615	1.715	10	86971
Chimaltenango	14.662	-90.820	10	82370
Fier	40.730	19.573	10	82297
Bistrița	47.138	24.513	10	81318
Bingöl	38.885	40.498	10	80568
Nabatiye et Tahta	33.383	35.450	10	80000
Slatina	44.435	24.371	10	78988
Sagaing	21.880	95.962	10	78739
Kasserine	35.217	8.717	10	76243
Nevşehir	38.624	34.724	10	75527
Bombo	0.583	32.533	10	75000
Prey Veng	11.484	105.324	10	74000
Bonao	18.942	-70.409	10	73269
Monastir	35.731	10.767	10	71546
Çankırı	40.607	33.621	10	71379
Saint Gallen	47.423	9.362	10	70572
Tatabánya	47.550	18.433	10	70541
Kastamonu	41.389	33.783	10	70402
Sunyani	7.336	-2.336	10	70299
Totonicapán	14.914	-91.358	10	69734
Tuy Hòa	13.082	109.316	10	69596
Vaslui	46.633	27.733	10	69225
Hasselt	50.929	5.339	10	69222
Giurgiu	43.902	25.966	10	69067
Potenza	40.642	15.799	10	69060
Deva	45.883	22.917	10	67802
Baní	18.280	-70.331	10	66709
Burdur	37.717	30.283	10	66158
Alba Lulia	46.077	23.580	10	66085
Békéscsaba	46.672	21.101	10	65206
Taloqan	36.730	69.540	10	64256
Kangar	6.433	100.190	10	63869
Ramla	31.917	34.867	10	63860
Samut Sakhon	13.536	100.274	10	63498
Bhairawa	27.533	83.383	10	63367
Zalău	47.175	23.063	10	63232
Bitlis	38.394	42.123	10	62811
Tataouine	33.000	10.467	10	62577
Assen	53.000	6.550	10	62237
Veszprém	47.091	17.911	10	62023
Zalaegerszeg	46.844	16.840	10	61898
Bassar	9.261	0.789	10	61845
Moca	19.397	-70.523	10	61834
Medenine	33.400	10.417	10	61705
Bouaflé	6.978	-5.748	10	60962
Sfintu-Gheorghe	45.868	25.793	10	60677
Laascaanood	8.433	47.317	10	60100
Truc Giang	10.235	106.375	10	59442
Azua	18.454	-70.729	10	59139
Kamphaeng Phet	16.473	99.529	10	58787
Korçë	40.617	20.767	10	58259
Kırklareli	41.743	27.226	10	58223
Hai Duong	20.942	106.331	10	58030
Al Mafraq	32.283	36.233	10	57118
Eger	47.895	20.383	10	56647
Évora	38.560	-7.906	10	55620
Kalasin	16.428	103.509	10	55102
Aveiro	40.641	-8.651	10	54162
Supham Buri	14.471	100.129	10	53399
Slobozia	44.570	27.382	10	52693
Mérida	38.912	-6.338	10	52423
Usulután	13.346	-88.432	10	51910
Maha Sarakham	16.184	103.298	10	51584
Jendouba	36.500	8.750	10	51408
Vejle	55.709	9.535	10	51177
Nyeri	-0.417	36.951	10	51084
Campobasso	41.563	14.656	10	50762
Phetchabun	16.419	101.159	10	50656
Ma'an	30.192	35.736	10	50350
Pa-an	16.850	97.617	10	50000
Zaranj	31.112	61.887	10	49851
Chachoengsao	13.679	101.076	10	49741
Alexandria	43.974	25.330	10	49346
Larnaka	34.917	33.636	10	48947
Cojutepeque	13.717	-88.933	10	48411
Asadabad	34.866	71.150	10	48400
Mao	19.552	-71.075	10	48297
Kibuye	-2.050	29.350	10	48024
Ratnapura	6.693	80.386	10	47832
Hlotse	-28.878	28.056	10	47675
Montana	43.414	23.237	10	47445
Hämeenlinna	60.997	24.472	10	47261
Lamia	38.899	22.434	10	47246
Mandeville	18.033	-77.500	10	47115
Busia	0.454	34.076	10	47100
Berat	40.710	19.972	10	46866
Mikkeli	61.690	27.285	10	46550
Middelburg	51.502	3.610	10	46485
Kibungo	-2.167	30.533	10	46240
Mahdia	35.484	11.041	10	45977
Jalapa	14.633	-89.989	10	45834
Puttalan	8.033	79.826	10	45661
Komatini	41.133	25.417	10	45631
Sololá	14.773	-91.183	10	45373
Dédougou	12.455	-3.464	10	45341
Salcedo	19.383	-70.417	10	45299
Leiria	39.739	-8.805	10	45112
Iganga	0.609	33.469	10	45024
Comendador	18.876	-71.707	10	43894
Phatthalung	7.615	100.081	10	43522
Fort Portal	0.671	30.275	10	42670
Lovec	43.138	24.719	10	42211
Sdid Bouzid	35.017	9.500	10	42098
Miercurea Cuic	46.361	25.524	10	42029
Cotuí	19.059	-70.152	10	41641
Chiquimula	14.797	-89.544	10	41521
Lushnjë	40.940	19.716	10	41469
Cao Bằng	22.664	106.268	10	41112
Bilecik	40.150	29.983	10	40285
Arawa	-6.228	155.566	10	40266
Salamá	15.103	-90.314	10	40000
Pogradec	40.900	20.664	10	40000
Salgótarján	48.105	19.826	10	39640
Zacatecoluca	13.508	-88.868	10	39613
Antigua Guatemala	14.567	-90.733	10	39368
Roi Et	16.051	103.655	10	39328
Toumodi	6.552	-5.019	10	39005
Xam Nua	20.417	104.033	10	38992
Tønsberg	59.264	10.421	10	38914
Ruyigi	-3.481	30.244	10	38458
Razgrad	43.534	26.536	10	38285
Dori	14.034	-0.028	10	37806
Aboisso	5.467	-3.200	10	37654
Réo	12.333	-2.467	10	37535
San Vicente	13.641	-88.785	10	37326
Šibenik	43.727	15.906	10	37112
Retalhuleu	14.537	-91.677	10	36656
Falun	60.613	15.647	10	36477
Tuyên Quang	21.818	105.211	10	36430
Zacapa	14.972	-89.529	10	36088
Hato Mayor	18.764	-69.257	10	35999
Paphos	34.756	32.422	10	35961
Beja	38.014	-7.863	10	35854
Phichit	16.439	100.349	10	35760
Karlskrona	56.163	15.591	10	35212
Samut Songkhram	13.413	100.001	10	35065
Mayda Shahr	34.450	68.800	10	35008
Sinop	42.023	35.153	10	34834
Adjumani	3.361	31.810	10	34700
Port-De-Paix	19.932	-72.829	10	34657
Satun	6.617	100.067	10	34544
Bragança	41.808	-6.755	10	34375
Szekszárd	46.344	18.713	10	34174
Ahuachapán	13.919	-89.845	10	34102
Aosta	45.737	7.315	10	34062
Kakata	6.526	-10.349	10	33945
Ocotal	13.630	-86.473	10	33928
Fada Ngourma	12.055	0.361	10	33910
Schaffhausen	47.706	8.633	10	33863
Nagua	19.376	-69.847	10	33862
Jacmel	18.235	-72.537	10	33563
Prachuap Khiri Khan	11.803	99.800	10	33521
Castelo Branco	39.811	-7.488	10	33479
Kampong Spoe	11.452	104.519	10	33231
Rajbiraj	26.533	86.733	10	33061
Fribourg	46.800	7.150	10	32827
Artvin	41.183	41.818	10	32272
Gümüşhane	40.464	39.484	10	32250
Florida	-34.099	-56.215	10	32234
Guarda	40.541	-7.262	10	32111
Koupéla	12.177	-0.356	10	32052
Masindi	1.674	31.715	10	31486
Neuchâtel	46.999	6.923	10	31270
Krabi	8.052	98.912	10	31219
Kouvola	60.876	26.709	10	31133
Jérémie	18.634	-74.118	10	30917
Arendal	58.465	8.766	10	30916
Pallisa	1.145	33.709	10	30745
Nebbi	2.476	31.102	10	30354
Télimélé	10.905	-13.043	10	30311
Kombissiri	12.064	-1.334	10	30137
Savanna-la-Mar	18.164	-77.948	10	30000
Stoeng Treng	13.523	105.974	10	29665
Hamar	60.820	11.069	10	29479
Santarém	39.231	-8.682	10	29385
Chalatenango	14.010	-88.907	10	29271
Bắc Kạn	22.133	105.833	10	29227
Tunceli	39.117	39.533	10	29062
Nouna	12.729	-3.860	10	29048
Hillerød	55.933	12.317	10	28313
Sion	46.239	7.354	10	28045
Gaoua	10.325	-3.174	10	28023
Nyköping	58.752	16.996	10	27582
Touba	8.280	-7.684	10	27504
Siliana	36.083	9.383	10	26960
Bregenz	47.517	9.767	10	26928
Leo	11.094	-2.098	10	26884
La Unión	13.332	-87.839	10	26807
Kyrenia	35.326	33.333	10	26701
Voinjama	8.417	-9.750	10	26594
Wete	-5.063	39.726	10	26450
Viseu	40.657	-7.910	10	26364
Arlon	49.683	5.817	10	26179
Diapaga	12.077	1.796	10	26013
Qacha's Nek	-30.117	28.702	10	25573
Tongue	11.440	-11.670	10	25531
At Tafilah	30.833	35.600	10	25429
San Marcos	14.966	-91.800	10	25088
Mohales Hoek	-30.159	27.480	10	24992
Ebebiyín	2.153	11.330	10	24831
Ramallah	31.903	35.206	10	24599
Ranong	9.962	98.638	10	24561
Phnum Tbeng Meanchey	13.817	104.967	10	24380
Fatick	14.344	-16.416	10	24243
Suchboatar	50.250	106.200	10	24235
Moyeni	-30.411	27.716	10	24130
Aybak	36.261	68.040	10	24000
Svay Rieng	11.080	105.801	10	23956
Zorgo	12.243	-0.611	10	23892
Kibaha	-6.767	38.917	10	23651
Santa Cruz Del Quiche	15.033	-91.133	10	23618
El Seibo	18.764	-69.035	10	23547
Gjirokastër	40.079	20.149	10	23437
Zug	47.179	8.487	10	23435
Baglung	28.267	83.583	10	23296
Fray Bentos	-33.139	-58.304	10	23279
Dubăsari	47.263	29.161	10	23254
Yako	12.954	-2.263	10	22904
Madingou	-4.164	13.554	10	22760
Baraki Barak	33.967	68.967	10	22305
Djibo	14.099	-1.627	10	22223
Tadjoura	11.783	42.900	10	22193
Frauenfeld	47.553	8.905	10	21979
Vannersborg	58.363	12.330	10	21835
Nsanje	-16.917	35.267	10	21774
Colonia del Sacramento	-34.470	-57.836	10	21714
Kayunga	0.703	32.889	10	21704
Gavarr	40.359	45.127	10	21680
Yasothon	15.788	104.151	10	21643
Trat	12.237	102.509	10	21590
Ngozi	-2.912	29.825	10	21506
Nakhon Nayok	14.200	101.216	10	21309
Krujë	41.519	19.797	10	21286
Trinidad	-33.544	-56.901	10	21093
Sotouboua	8.557	0.985	10	21054
Rutana	-3.931	29.993	10	20893
Artashat	39.954	44.551	10	20562
Somoto	13.476	-86.583	10	20316
Viljandi	58.364	25.590	10	20309
Pita	11.080	-12.401	10	20052
Sing Buri	14.887	100.401	10	20046
Hakha	22.650	93.617	10	20000
Kracheh	12.469	106.024	10	19975
Kampong Thum	12.712	104.889	10	19951
Kebili	33.690	8.971	10	19875
Canelones	-34.538	-56.284	10	19698
Makamba	-4.133	29.800	10	19642
Sin-Ni	39.488	125.464	10	19463
Kayanza	-2.900	29.567	10	19443
Tchibanga	-2.921	10.997	10	19365
Mzimba	-11.900	33.600	10	19308
Lumphat	13.507	106.981	10	19205
Sơn La	21.328	103.910	10	19054
Dandeldhura	29.300	80.600	10	19014
Kimbe	-5.550	150.143	10	18847
Ashtarak	40.302	44.359	10	18779
Lezhë	41.788	19.654	10	18695
Mansa Konko	13.455	-15.543	10	18672
Orodara	10.974	-4.908	10	18632
Hinche	19.143	-72.004	10	18590
Mchinji	-13.800	32.900	10	18305
Muramvya	-3.261	29.612	10	18041
Pô	11.169	-1.135	10	17924
Kukës	42.083	20.434	10	17832
Dzuunmod	47.711	106.947	10	17738
Đông Hà	16.850	107.133	10	17662
Tougan	13.069	-3.070	10	17590
La Paz	14.320	-87.684	10	17555
Ilam	26.908	87.926	10	17491
Boulsa	12.657	-0.569	10	17489
Mehtar Lam	34.650	70.167	10	17345
Loikaw	19.665	97.206	10	17293
Härnösand	62.634	17.934	10	17016
Vila Real	41.294	-7.737	10	17001
Zaghouan	36.400	10.147	10	16911
Bellinzona	46.197	9.020	10	16572
Cuilapa	14.279	-90.298	10	16484
Mulanje	-16.033	35.500	10	16483
Ntungamo	-0.879	30.264	10	16400
Dajabón	19.548	-71.705	10	16398
Sabaneta	19.505	-71.345	10	16380
Butha-Buthe	-28.750	28.250	10	16330
Gobabis	-22.455	18.963	10	16321
San Francisco Gotera	13.700	-88.100	10	16152
Yoro	15.130	-87.129	10	15774
Dedza	-14.367	34.333	10	15608
Portalegre	39.290	-7.423	10	15581
Viana Do Castelo	41.696	-8.844	10	15555
Monte Plata	18.807	-69.784	10	15532
Aarau	47.390	8.034	10	15501
Chainat	15.179	100.126	10	15469
Kuala Lipis	4.184	102.042	10	15448
Herisau	47.383	9.283	10	15438
Burrel	41.626	20.016	10	15405
Daru	-9.109	143.234	10	15214
Manga	11.662	-1.065	10	15173
Sarandë	39.877	20.000	10	15147
Santa Bárbara	14.919	-88.236	10	15119
Gikongoro	-2.483	29.567	10	15000
Salyan	28.350	82.183	10	15000
Ramechhap	27.326	86.087	10	15000
Bhimphedi	27.551	85.130	10	15000
Chaghcharan	34.517	65.250	10	15000
Paro	27.429	89.417	10	15000
Mariestad	58.705	13.828	10	14891
Solothurn	47.212	7.537	10	14853
Peshkopi	41.683	20.433	10	14848
Ijevan	40.876	45.149	10	14737
Kiboga	0.916	31.774	10	14512
Gabú	12.280	-14.234	10	14430
Port Antonio	18.159	-76.380	10	14400
Basse Santa Su	13.310	-14.223	10	14380
Kouroussa	10.653	-9.892	10	14223
Schwyz	47.020	8.648	10	14177
Sironko	1.250	34.300	10	14100
Çorovodë	40.517	20.233	10	14046
Lamphun	18.574	99.007	10	14030
Koundara	12.480	-13.296	10	13990
Kinkala	-4.356	14.762	10	13882
Ang Thong	14.583	100.450	10	13738
Zareh Sharan	32.850	68.417	10	13737
Saint Ann's Bay	18.433	-77.200	10	13671
Beyla	8.687	-8.657	10	13204
Eisenstadt	47.833	16.533	10	13165
Dabola	10.748	-11.109	10	13057
Kumi	1.461	33.936	10	13000
Champasak	14.883	105.867	10	12994
Kisoro	-1.354	29.698	10	12900
Liestal	47.483	7.737	10	12832
Kamuli	0.947	33.120	10	12764
Diébougou	10.952	-3.248	10	12732
Bubanza	-3.083	29.367	10	12728
Ziniaré	12.577	-1.293	10	12703
Librazhd	41.200	20.367	10	12691
Garbahaarey	3.327	42.227	10	12652
Tovuz	40.992	45.629	10	12626
Forecariah	9.430	-13.098	10	12358
Dikhil	11.104	42.372	10	12043
Tepelenë	40.283	20.033	10	11955
Qabala	40.981	47.846	10	11867
Haapsalu	58.943	23.541	10	11805
Gramsh	40.867	20.200	10	11556
Omaruru	-21.436	15.951	10	11547
Port Morant	17.891	-76.329	10	11536
Fort-Liberté	19.666	-71.845	10	11465
Samaná	19.212	-69.332	10	11432
Sanniquellie	7.371	-8.685	10	11415
Mwanza	-15.617	34.517	10	11379
Delémont	47.370	7.345	10	11315
Vanimo	-2.690	141.304	10	11204
Mpigi	0.225	32.314	10	11082
Pedernales	18.038	-71.741	10	11072
Karusi	-3.100	30.163	10	10705
Përmet	40.234	20.352	10	10686
Mariehamn	60.097	19.949	10	10682
Cacheu	12.269	-16.165	10	10490
Ntcheu	-14.817	34.633	10	10445
Solenzo	12.183	-4.083	10	10385
Rrëshen	41.783	19.817	10	10064
An Nabk	31.333	37.333	10	10000
Tarin Kowt	32.633	65.867	10	10000
Catió	11.273	-15.254	10	9898
Bogandé	12.969	-0.138	10	9854
Phangnga	8.451	98.534	10	9676
Sarnen	46.899	8.243	10	9410
Kundiawa	-6.023	144.960	10	9383
Mae Hong Son	19.301	97.969	10	9109
Jumla	29.250	82.217	10	9073
B'abda	33.833	35.533	10	9000
Mokhotlong	-29.291	29.078	10	8809
Nueva Ocotepeque	14.437	-89.182	10	8780
Altdorf	46.879	8.638	10	8678
Gadabay	40.566	45.816	10	8657
Luba	3.450	8.550	10	8655
Evinayong	1.450	10.567	10	8462
Katakwi	1.891	33.966	10	8400
Yeghegnadzor	39.761	45.333	10	8200
Bajram Curri	42.333	20.083	10	7967
Senmonorom	12.450	107.200	10	7944
Gracias	14.583	-88.583	10	7909
Port Maria	18.377	-76.900	10	7906
Ersekë	40.333	20.683	10	7890
Falmouth	18.480	-77.656	10	7779
Stans	46.950	8.383	10	7475
Gaoual	11.754	-13.213	10	7461
Mahmud-E Eraqi	35.017	69.333	10	7407
Luan Chau	21.740	103.343	10	7335
Goranboy	40.610	46.790	10	7333
Sorø	55.433	11.567	10	7167
Nakasongola	1.309	32.456	10	6921
Karibib	-21.939	15.853	10	6898
Oğuz	41.071	47.458	10	6876
Farim	12.493	-15.227	10	6792
Gorom Gorom	14.450	-0.233	10	6691
Cankuzo	-3.167	30.517	10	6585
Jimaní	18.493	-71.851	10	6567
Pukë	42.033	19.883	10	6495
Dalaba	10.656	-12.272	10	6349
Ban Houayxay	20.277	100.413	10	6347
Lucea	18.443	-78.179	10	6289
Diekirch	49.883	6.167	10	6242
Siteki	-26.455	31.952	10	6152
Kirundo	-2.585	30.097	10	6083
Dinguiraye	11.299	-10.726	10	6062
Phongsali	21.683	102.100	10	6000
Muineachan	54.250	-6.967	10	5937
Lorengau	-2.032	147.280	10	5806
Piggs Peak	-25.961	31.247	10	5750
Glarus	47.050	9.067	10	5681
Appenzell	47.333	9.417	10	5649
Kerema	-7.927	145.838	10	5646
Vossavangen	60.630	6.441	10	5571
Saravan	15.716	106.427	10	5521
Mali	12.084	-12.301	10	5479
La Esperanza	14.333	-88.167	10	5318
Polygyros	40.381	23.453	10	5258
Kalangala	-0.309	32.225	10	5200
Kibale	0.800	31.067	10	5200
Teyateyaneng	-29.153	27.753	10	5115
Punakha	27.584	89.864	10	5000
Wangdue Prodrang	27.433	89.917	10	5000
Ros Comain	53.633	-8.183	10	4860
Otavi	-19.640	17.342	10	4562
Attapu	14.808	106.839	10	4297
Black River	18.031	-77.852	10	4229
Bensonville	6.433	-10.600	10	4089
Wabag	-5.490	143.718	10	3958
Grevenmacher	49.680	6.426	10	3958
Sapouy	11.554	-1.774	10	3837
Georgetown	13.551	-14.767	10	3584
Kaberamaido	1.739	33.159	10	3400
Sebba	13.436	0.530	10	3273
Louang Namtha	20.950	101.417	10	3225
Qala i Naw	34.983	63.133	10	2997
Kerewan	13.494	-16.095	10	2751
Hlatikulu	-26.961	31.310	10	2748
Barclayville	4.674	-8.232	10	2733
Rivercess	5.465	-9.578	10	2578
Mkokotoni	-5.879	39.260	10	2572
Yuscarán	13.944	-86.851	10	2371
Boffa	10.185	-14.043	10	2332
Leikanger	61.183	6.850	10	1965
Hudur	4.183	43.867	10	1639
Chiradzulu	-15.700	35.183	10	1580
Bu'aale	1.083	42.583	10	1490
Machinga	-15.176	35.302	10	1418
Fulacunda	11.773	-15.195	10	1311
Buluko	-0.757	28.528	10	1192
Santo António	1.645	7.412	10	1156
Dhuusa Mareeb	5.532	46.382	10	447
Agdam	40.905	45.556	10	0
